timestamp,load_level
2026-05-29T04:25:48Z,medium
2026-05-29T04:25:53Z,medium
2026-05-29T04:25:58Z,medium
2026-05-29T04:26:03Z,medium
2026-05-29T04:26:08Z,medium
2026-05-29T04:26:13Z,medium
2026-05-29T04:26:18Z,medium
2026-05-29T04:26:23Z,medium
2026-05-29T04:26:28Z,medium
2026-05-29T04:26:33Z,medium
2026-05-29T04:26:38Z,medium
2026-05-29T04:26:43Z,medium
2026-05-29T04:26:48Z,medium
2026-05-29T04:26:53Z,medium
2026-05-29T04:26:58Z,medium
2026-05-29T04:27:03Z,medium
2026-05-29T04:27:08Z,medium
2026-05-29T04:27:13Z,medium
2026-05-29T04:27:18Z,medium
2026-05-29T04:27:23Z,medium
2026-05-29T04:27:28Z,medium
2026-05-29T04:27:33Z,medium
2026-05-29T04:27:38Z,medium
2026-05-29T04:27:43Z,medium
2026-05-29T04:27:48Z,medium
2026-05-29T04:27:53Z,medium
2026-05-29T04:27:58Z,medium
2026-05-29T04:28:03Z,medium
2026-05-29T04:28:08Z,medium
2026-05-29T04:28:13Z,medium
2026-05-29T04:28:18Z,medium
2026-05-29T04:28:23Z,medium
2026-05-29T04:28:28Z,medium
2026-05-29T04:28:33Z,medium
2026-05-29T04:28:38Z,medium
2026-05-29T04:28:43Z,medium
2026-05-29T04:28:48Z,medium
2026-05-29T04:28:53Z,medium
2026-05-29T04:28:58Z,medium
2026-05-29T04:29:03Z,medium
2026-05-29T04:29:08Z,medium
2026-05-29T04:29:13Z,medium
2026-05-29T04:29:18Z,medium
2026-05-29T04:29:23Z,medium
2026-05-29T04:29:28Z,medium
2026-05-29T04:29:33Z,medium
2026-05-29T04:29:38Z,medium
2026-05-29T04:29:43Z,medium
2026-05-29T04:29:48Z,medium
2026-05-29T04:29:53Z,medium
2026-05-29T04:29:58Z,medium
2026-05-29T04:30:03Z,medium
2026-05-29T04:30:08Z,medium
2026-05-29T04:30:13Z,medium
2026-05-29T04:30:18Z,medium
2026-05-29T04:30:23Z,medium
2026-05-29T04:30:28Z,medium
2026-05-29T04:30:33Z,medium
2026-05-29T04:30:38Z,medium
2026-05-29T04:30:43Z,medium
2026-05-29T04:30:48Z,medium
2026-05-29T04:30:53Z,medium
2026-05-29T04:30:58Z,medium
2026-05-29T04:31:03Z,medium
2026-05-29T04:31:08Z,medium
2026-05-29T04:31:13Z,medium
2026-05-29T04:31:18Z,medium
2026-05-29T04:31:23Z,medium
2026-05-29T04:31:28Z,medium
2026-05-29T04:31:33Z,medium
2026-05-29T04:31:38Z,medium
2026-05-29T04:31:43Z,medium
2026-05-29T04:31:48Z,medium
2026-05-29T04:31:53Z,medium
2026-05-29T04:31:58Z,medium
2026-05-29T04:32:03Z,medium
2026-05-29T04:32:08Z,medium
2026-05-29T04:32:13Z,medium
2026-05-29T04:32:18Z,medium
2026-05-29T04:32:23Z,medium
2026-05-29T04:32:28Z,medium
2026-05-29T04:32:33Z,medium
2026-05-29T04:32:38Z,medium
2026-05-29T04:32:43Z,medium
2026-05-29T04:32:48Z,medium
2026-05-29T04:32:53Z,medium
2026-05-29T04:32:58Z,medium
2026-05-29T04:33:03Z,medium
2026-05-29T04:33:08Z,medium
2026-05-29T04:33:13Z,medium
2026-05-29T04:33:18Z,medium
2026-05-29T04:33:23Z,medium
2026-05-29T04:33:28Z,medium
2026-05-29T04:33:33Z,medium
2026-05-29T04:33:38Z,medium
2026-05-29T04:33:43Z,medium
2026-05-29T04:33:48Z,medium
2026-05-29T04:33:53Z,medium
2026-05-29T04:33:58Z,medium
2026-05-29T04:34:03Z,medium
2026-05-29T04:34:08Z,medium
2026-05-29T04:34:13Z,medium
2026-05-29T04:34:18Z,medium
2026-05-29T04:34:23Z,medium
2026-05-29T04:34:28Z,medium
2026-05-29T04:34:33Z,medium
2026-05-29T04:34:38Z,medium
2026-05-29T04:34:43Z,medium
2026-05-29T04:34:48Z,medium
2026-05-29T04:34:53Z,medium
2026-05-29T04:34:58Z,medium
2026-05-29T04:35:03Z,medium
2026-05-29T04:35:08Z,medium
2026-05-29T04:35:13Z,medium
2026-05-29T04:35:18Z,medium
2026-05-29T04:35:23Z,medium
2026-05-29T04:35:28Z,medium
2026-05-29T04:35:33Z,medium
2026-05-29T04:35:38Z,medium
2026-05-29T04:35:43Z,medium
2026-05-29T04:35:48Z,medium
2026-05-29T04:35:53Z,medium
2026-05-29T04:35:58Z,medium
2026-05-29T04:36:03Z,medium
2026-05-29T04:36:08Z,medium
2026-05-29T04:36:13Z,medium
2026-05-29T04:36:18Z,medium
2026-05-29T04:36:23Z,medium
2026-05-29T04:36:28Z,medium
2026-05-29T04:36:33Z,medium
2026-05-29T04:36:38Z,medium
2026-05-29T04:36:43Z,medium
2026-05-29T04:36:48Z,medium
2026-05-29T04:36:53Z,medium
2026-05-29T04:36:58Z,medium
2026-05-29T04:37:03Z,medium
2026-05-29T04:37:08Z,medium
2026-05-29T04:37:13Z,medium
2026-05-29T04:37:18Z,medium
2026-05-29T04:37:23Z,medium
