timestamp,anomaly_score,y_pred,y_true
2026-05-30T12:55:57Z,0.0,0,0
2026-05-30T12:56:02Z,0.0,0,0
2026-05-30T12:56:07Z,0.0,0,0
2026-05-30T12:56:12Z,0.0,0,0
2026-05-30T12:56:17Z,0.0,0,0
2026-05-30T12:56:22Z,0.0,0,0
2026-05-30T12:56:27Z,0.0,0,0
2026-05-30T12:56:32Z,0.0,0,0
2026-05-30T12:56:37Z,0.0,0,0
2026-05-30T12:56:42Z,0.0,0,0
2026-05-30T12:56:47Z,0.0,0,0
2026-05-30T12:56:52Z,0.0,0,0
2026-05-30T12:56:57Z,0.0,0,0
2026-05-30T12:57:02Z,0.0,0,0
2026-05-30T12:57:07Z,0.0,0,0
2026-05-30T12:57:12Z,0.0,0,0
2026-05-30T12:57:17Z,0.0,0,0
2026-05-30T12:57:22Z,0.0,0,0
2026-05-30T12:57:27Z,0.0,0,0
2026-05-30T12:57:32Z,0.0,0,0
2026-05-30T12:57:37Z,0.0,0,0
2026-05-30T12:57:42Z,0.0,0,0
2026-05-30T12:57:47Z,0.0,0,0
2026-05-30T12:57:52Z,0.0,0,0
2026-05-30T12:57:57Z,0.0,0,0
2026-05-30T12:58:02Z,0.0,0,0
2026-05-30T12:58:07Z,0.0,0,0
2026-05-30T12:58:12Z,0.0,0,0
2026-05-30T12:58:17Z,0.0,0,0
2026-05-30T12:58:22Z,0.0,0,0
2026-05-30T12:58:27Z,0.0,0,0
2026-05-30T12:58:32Z,0.0,0,0
2026-05-30T12:58:37Z,0.0,0,0
2026-05-30T12:58:42Z,0.0,0,0
2026-05-30T12:58:47Z,0.0,0,0
2026-05-30T12:58:52Z,0.0,0,0
2026-05-30T12:58:57Z,0.0,0,0
2026-05-30T12:59:02Z,0.0,0,0
2026-05-30T12:59:07Z,0.0,0,0
2026-05-30T12:59:12Z,0.0,0,0
2026-05-30T12:59:17Z,0.0,0,0
2026-05-30T12:59:22Z,0.0,0,0
2026-05-30T12:59:27Z,0.0,0,0
2026-05-30T12:59:32Z,0.0,0,0
2026-05-30T12:59:37Z,0.0,0,0
2026-05-30T12:59:42Z,0.0,0,0
2026-05-30T12:59:47Z,0.0,0,0
2026-05-30T12:59:52Z,0.0,0,0
2026-05-30T12:59:57Z,0.0,0,0
2026-05-30T13:00:02Z,0.0,0,0
2026-05-30T13:00:07Z,0.0,0,0
2026-05-30T13:00:12Z,0.0,0,0
2026-05-30T13:00:17Z,0.0,0,0
2026-05-30T13:00:22Z,0.0,0,0
2026-05-30T13:00:27Z,0.0,0,0
2026-05-30T13:00:32Z,0.0,0,0
2026-05-30T13:00:37Z,0.0,0,0
2026-05-30T13:00:42Z,0.0,0,0
2026-05-30T13:00:47Z,0.0,0,0
2026-05-30T13:00:52Z,0.0,0,0
2026-05-30T13:00:57Z,0.0,0,0
2026-05-30T13:01:02Z,0.0,0,1
2026-05-30T13:01:07Z,0.0,0,1
2026-05-30T13:01:12Z,0.0,0,1
2026-05-30T13:01:17Z,0.0,0,1
2026-05-30T13:01:22Z,0.0,0,1
2026-05-30T13:01:27Z,0.0,0,1
2026-05-30T13:01:32Z,0.0,0,1
2026-05-30T13:01:37Z,0.0,0,1
2026-05-30T13:01:42Z,0.0,0,1
2026-05-30T13:01:47Z,0.0,0,1
2026-05-30T13:01:52Z,0.0,0,1
2026-05-30T13:01:57Z,0.0,0,1
2026-05-30T13:02:02Z,0.0,0,0
2026-05-30T13:02:07Z,0.0,0,0
2026-05-30T13:02:12Z,0.0,0,0
2026-05-30T13:02:17Z,0.0,0,0
2026-05-30T13:02:22Z,0.0,0,0
2026-05-30T13:02:27Z,0.0,0,0
2026-05-30T13:02:32Z,0.0,0,0
2026-05-30T13:02:37Z,0.0,0,0
2026-05-30T13:02:42Z,0.0,0,0
2026-05-30T13:02:47Z,0.0,0,0
2026-05-30T13:02:52Z,0.0,0,0
2026-05-30T13:02:57Z,0.0,0,0
2026-05-30T13:03:02Z,0.0,0,0
2026-05-30T13:03:07Z,0.0,0,0
2026-05-30T13:03:12Z,0.0,0,0
2026-05-30T13:03:17Z,0.0,0,0
2026-05-30T13:03:22Z,0.0,0,0
2026-05-30T13:03:27Z,0.0,0,0
2026-05-30T13:03:32Z,0.0,0,0
2026-05-30T13:03:37Z,0.0,0,0
2026-05-30T13:03:42Z,0.0,0,0
2026-05-30T13:03:47Z,0.0,0,0
2026-05-30T13:03:52Z,0.0,0,0
2026-05-30T13:03:57Z,0.0,0,0
2026-05-30T13:04:02Z,0.0,0,0
2026-05-30T13:04:07Z,0.0,0,0
2026-05-30T13:04:12Z,11765.937,1,0
2026-05-30T13:04:17Z,11788.589,1,0
2026-05-30T13:04:22Z,11806.627,1,0
2026-05-30T13:04:27Z,11815.8,1,0
2026-05-30T13:04:32Z,11820.405,1,0
2026-05-30T13:04:37Z,11819.719,1,0
2026-05-30T13:04:42Z,11822.9,1,0
2026-05-30T13:04:47Z,11832.395,1,0
2026-05-30T13:04:52Z,11842.261,1,0
2026-05-30T13:04:57Z,11854.044,1,0
2026-05-30T13:05:02Z,11859.512,1,0
2026-05-30T13:05:07Z,11863.446,1,0
2026-05-30T13:05:12Z,11872.378,1,0
2026-05-30T13:05:17Z,11879.658,1,0
2026-05-30T13:05:22Z,11889.939,1,0
2026-05-30T13:05:27Z,11894.115,1,0
2026-05-30T13:05:32Z,11898.885,1,0
2026-05-30T13:05:37Z,11912.181,1,0
2026-05-30T13:05:42Z,11929.253,1,0
2026-05-30T13:05:47Z,11947.179,1,0
2026-05-30T13:05:52Z,11967.729,1,0
2026-05-30T13:05:57Z,11981.262,1,0
2026-05-30T13:06:02Z,11987.407,1,0
2026-05-30T13:06:07Z,11996.885,1,0
2026-05-30T13:06:12Z,12007.826,1,0
2026-05-30T13:06:17Z,12015.235,1,0
2026-05-30T13:06:22Z,12039.426,1,0
2026-05-30T13:06:27Z,12052.594,1,0
2026-05-30T13:06:32Z,12056.317,1,0
2026-05-30T13:06:37Z,12054.76,1,0
2026-05-30T13:06:42Z,12054.546,1,0
2026-05-30T13:06:47Z,12055.57,1,0
2026-05-30T13:06:52Z,12057.523,1,0
2026-05-30T13:06:57Z,12064.85,1,0
2026-05-30T13:07:02Z,12062.3,1,0
2026-05-30T13:07:07Z,12054.811,1,0
2026-05-30T13:07:12Z,12042.425,1,0
2026-05-30T13:07:17Z,12028.225,1,0
2026-05-30T13:07:22Z,12026.977,1,1
2026-05-30T13:07:27Z,12027.854,1,1
2026-05-30T13:07:32Z,12057.625,1,1
2026-05-30T13:07:37Z,12059.86,1,1
2026-05-30T13:07:42Z,12058.966,1,1
2026-05-30T13:07:47Z,12047.228,1,1
2026-05-30T13:07:52Z,12029.565,1,1
2026-05-30T13:07:57Z,11984.021,1,1
2026-05-30T13:08:02Z,11927.197,1,1
2026-05-30T13:08:07Z,11885.545,1,1
2026-05-30T13:08:12Z,11836.06,1,1
2026-05-30T13:08:17Z,11782.751,1,1
2026-05-30T13:08:22Z,9131.833,1,0
2026-05-30T13:08:27Z,9092.873,1,0
2026-05-30T13:08:32Z,9074.864,1,0
2026-05-30T13:08:37Z,9056.923,1,0
2026-05-30T13:08:42Z,9059.721,1,0
2026-05-30T13:08:47Z,9097.498,1,0
2026-05-30T13:08:52Z,9079.899,1,0
2026-05-30T13:08:57Z,9032.334,1,0
2026-05-30T13:09:02Z,8996.183,1,0
2026-05-30T13:09:07Z,8968.344,1,0
2026-05-30T13:09:12Z,8943.259,1,0
2026-05-30T13:09:17Z,8922.982,1,0
2026-05-30T13:09:22Z,8906.595,1,0
2026-05-30T13:09:27Z,8896.288,1,0
2026-05-30T13:09:32Z,8886.895,1,0
2026-05-30T13:09:37Z,8884.662,1,0
2026-05-30T13:09:42Z,8878.202,1,0
2026-05-30T13:09:47Z,8880.104,1,0
2026-05-30T13:09:52Z,8877.166,1,0
2026-05-30T13:09:57Z,8884.895,1,0
2026-05-30T13:10:02Z,8880.447,1,0
2026-05-30T13:10:07Z,8867.955,1,0
2026-05-30T13:10:12Z,8863.557,1,0
2026-05-30T13:10:17Z,8863.616,1,0
2026-05-30T13:10:22Z,8869.363,1,0
2026-05-30T13:10:27Z,8862.67,1,0
2026-05-30T13:10:32Z,8858.91,1,0
2026-05-30T13:10:37Z,8857.624,1,0
2026-05-30T13:10:42Z,8860.233,1,0
2026-05-30T13:10:47Z,8863.46,1,0
2026-05-30T13:10:52Z,8867.185,1,0
2026-05-30T13:10:57Z,8869.544,1,0
2026-05-30T13:11:02Z,8875.445,1,0
2026-05-30T13:11:07Z,8879.821,1,0
2026-05-30T13:11:12Z,8886.073,1,0
2026-05-30T13:11:17Z,8901.4,1,0
2026-05-30T13:11:22Z,8905.815,1,0
2026-05-30T13:11:27Z,8905.34,1,0
2026-05-30T13:11:32Z,8888.682,1,0
2026-05-30T13:11:37Z,8875.205,1,0
2026-05-30T13:11:42Z,8871.763,1,0
2026-05-30T13:11:47Z,8872.176,1,0
2026-05-30T13:11:52Z,8879.7295,1,0
2026-05-30T13:11:57Z,8885.001,1,0
2026-05-30T13:12:02Z,8889.72,1,0
2026-05-30T13:12:07Z,8904.113,1,0
2026-05-30T13:12:12Z,8922.573,1,0
2026-05-30T13:12:17Z,8953.71,1,0
2026-05-30T13:12:22Z,8963.938,1,0
2026-05-30T13:12:27Z,8962.89,1,0
2026-05-30T13:12:32Z,9892.087,1,0
2026-05-30T13:12:37Z,9910.414,1,0
2026-05-30T13:12:42Z,9937.052,1,0
2026-05-30T13:12:47Z,9960.951,1,0
2026-05-30T13:12:52Z,9997.729,1,0
2026-05-30T13:12:57Z,10024.402,1,0
2026-05-30T13:13:02Z,10046.195,1,0
2026-05-30T13:13:07Z,10070.259,1,0
2026-05-30T13:13:12Z,10096.132,1,0
2026-05-30T13:13:17Z,10133.632,1,0
2026-05-30T13:13:22Z,10154.105,1,0
2026-05-30T13:13:27Z,10180.573,1,0
2026-05-30T13:13:32Z,10218.861,1,0
2026-05-30T13:13:37Z,10256.397,1,0
2026-05-30T13:13:42Z,10289.554,1,0
2026-05-30T13:13:47Z,10297.327,1,0
2026-05-30T13:13:52Z,10319.119,1,0
2026-05-30T13:13:57Z,10337.65,1,1
2026-05-30T13:14:02Z,10348.883,1,1
2026-05-30T13:14:07Z,10343.4375,1,1
2026-05-30T13:14:12Z,10332.225,1,1
2026-05-30T13:14:17Z,10320.885,1,1
2026-05-30T13:14:22Z,10310.544,1,1
2026-05-30T13:14:27Z,10295.083,1,1
2026-05-30T13:14:32Z,10289.649,1,1
2026-05-30T13:14:37Z,10283.884,1,1
2026-05-30T13:14:42Z,10281.48,1,1
2026-05-30T13:14:47Z,10269.27,1,1
2026-05-30T13:14:52Z,10253.716,1,0
2026-05-30T13:14:57Z,10238.345,1,0
2026-05-30T13:15:02Z,10220.794,1,0
2026-05-30T13:15:07Z,10193.022,1,0
2026-05-30T13:15:12Z,10169.52,1,0
2026-05-30T13:15:17Z,10166.647,1,0
2026-05-30T13:15:22Z,10161.649,1,0
2026-05-30T13:15:27Z,10160.574,1,0
2026-05-30T13:15:32Z,10170.639,1,0
2026-05-30T13:15:37Z,10179.029,1,0
2026-05-30T13:15:42Z,10186.974,1,0
2026-05-30T13:15:47Z,10182.644,1,0
2026-05-30T13:15:52Z,10180.819,1,0
2026-05-30T13:15:57Z,10167.091,1,0
2026-05-30T13:16:02Z,10164.558,1,0
2026-05-30T13:16:07Z,10155.662,1,0
2026-05-30T13:16:12Z,10150.673,1,0
2026-05-30T13:16:17Z,10131.073,1,0
2026-05-30T13:16:22Z,10113.267,1,0
2026-05-30T13:16:27Z,10099.735,1,0
2026-05-30T13:16:32Z,10099.423,1,0
2026-05-30T13:16:37Z,10101.73,1,0
2026-05-30T13:16:42Z,8170.6406,1,0
2026-05-30T13:16:47Z,8177.83,1,0
2026-05-30T13:16:52Z,8183.8213,1,0
2026-05-30T13:16:57Z,8185.639,1,0
2026-05-30T13:17:02Z,8189.051,1,0
2026-05-30T13:17:07Z,8198.306,1,0
2026-05-30T13:17:12Z,8208.586,1,0
2026-05-30T13:17:17Z,8224.574,1,0
2026-05-30T13:17:22Z,8234.859,1,0
2026-05-30T13:17:27Z,8246.103,1,0
2026-05-30T13:17:32Z,8259.357,1,0
2026-05-30T13:17:37Z,8277.121,1,0
2026-05-30T13:17:42Z,8297.093,1,0
2026-05-30T13:17:47Z,8303.864,1,0
2026-05-30T13:17:52Z,8310.253,1,0
2026-05-30T13:17:57Z,8305.818,1,0
2026-05-30T13:18:02Z,8291.95,1,0
2026-05-30T13:18:07Z,8280.576,1,0
2026-05-30T13:18:12Z,8275.251,1,0
2026-05-30T13:18:17Z,8279.811,1,0
2026-05-30T13:18:22Z,8285.98,1,0
2026-05-30T13:18:27Z,8285.331,1,0
2026-05-30T13:18:32Z,8282.515,1,0
2026-05-30T13:18:37Z,8280.636,1,0
2026-05-30T13:18:42Z,8283.854,1,0
2026-05-30T13:18:47Z,8281.046,1,0
2026-05-30T13:18:52Z,8281.762,1,0
2026-05-30T13:18:57Z,8285.727,1,0
2026-05-30T13:19:02Z,8295.162,1,0
2026-05-30T13:19:07Z,8298.42,1,0
2026-05-30T13:19:12Z,8293.994,1,0
2026-05-30T13:19:17Z,8287.363,1,0
2026-05-30T13:19:22Z,8283.934,1,1
2026-05-30T13:19:27Z,8287.692,1,1
2026-05-30T13:19:32Z,8307.572,1,1
2026-05-30T13:19:37Z,8302.63,1,1
2026-05-30T13:19:42Z,8302.422,1,1
2026-05-30T13:19:47Z,8272.405,1,1
2026-05-30T13:19:52Z,8236.549,1,1
2026-05-30T13:19:57Z,8197.481,1,1
2026-05-30T13:20:02Z,8148.77,1,1
2026-05-30T13:20:07Z,8105.4756,1,1
2026-05-30T13:20:12Z,8048.852,1,1
2026-05-30T13:20:17Z,8004.482,1,1
2026-05-30T13:20:22Z,7948.127,1,0
2026-05-30T13:20:27Z,7890.0,1,0
2026-05-30T13:20:32Z,7847.262,1,0
2026-05-30T13:20:37Z,7811.7866,0,0
2026-05-30T13:20:42Z,7792.714,0,0
2026-05-30T13:20:47Z,7779.5977,0,0
2026-05-30T13:20:52Z,9554.589,1,0
2026-05-30T13:20:57Z,9568.044,1,0
2026-05-30T13:21:02Z,9581.979,1,0
2026-05-30T13:21:07Z,9600.164,1,0
2026-05-30T13:21:12Z,9603.479,1,0
2026-05-30T13:21:17Z,9605.458,1,0
2026-05-30T13:21:22Z,9606.411,1,0
2026-05-30T13:21:27Z,9600.554,1,0
2026-05-30T13:21:32Z,9586.921,1,0
2026-05-30T13:21:37Z,9568.942,1,0
2026-05-30T13:21:42Z,9549.165,1,0
2026-05-30T13:21:47Z,9518.987,1,0
2026-05-30T13:21:52Z,9504.302,1,0
2026-05-30T13:21:57Z,9492.109,1,0
2026-05-30T13:22:02Z,9486.807,1,0
2026-05-30T13:22:07Z,9494.137,1,0
2026-05-30T13:22:12Z,9503.197,1,0
2026-05-30T13:22:17Z,9507.985,1,0
2026-05-30T13:22:22Z,9507.281,1,0
2026-05-30T13:22:27Z,9504.481,1,0
2026-05-30T13:22:32Z,9505.785,1,0
2026-05-30T13:22:37Z,9510.904,1,0
2026-05-30T13:22:42Z,9521.801,1,0
2026-05-30T13:22:47Z,9538.679,1,0
2026-05-30T13:22:52Z,9559.89,1,0
2026-05-30T13:22:57Z,9585.525,1,0
2026-05-30T13:23:02Z,9615.776,1,0
2026-05-30T13:23:07Z,9640.408,1,0
2026-05-30T13:23:12Z,9668.84,1,0
2026-05-30T13:23:17Z,9690.07,1,0
2026-05-30T13:23:22Z,9714.891,1,0
2026-05-30T13:23:27Z,9740.101,1,0
2026-05-30T13:23:32Z,9760.689,1,0
2026-05-30T13:23:37Z,9774.974,1,0
2026-05-30T13:23:42Z,9790.985,1,0
2026-05-30T13:23:47Z,9802.923,1,0
2026-05-30T13:23:52Z,9809.764,1,0
2026-05-30T13:23:57Z,9809.198,1,0
2026-05-30T13:24:02Z,9813.021,1,0
2026-05-30T13:24:07Z,9817.229,1,0
2026-05-30T13:24:12Z,9827.827,1,0
2026-05-30T13:24:17Z,9846.195,1,0
2026-05-30T13:24:22Z,9866.311,1,0
2026-05-30T13:24:27Z,9877.862,1,0
2026-05-30T13:24:32Z,9888.42,1,0
2026-05-30T13:24:37Z,9897.92,1,0
2026-05-30T13:24:42Z,9907.733,1,1
2026-05-30T13:24:47Z,9927.248,1,1
2026-05-30T13:24:52Z,9944.595,1,1
2026-05-30T13:24:57Z,9959.163,1,1
2026-05-30T13:25:02Z,8657.967,1,1
2026-05-30T13:25:07Z,8687.087,1,1
2026-05-30T13:25:12Z,8719.474,1,1
2026-05-30T13:25:17Z,8748.337,1,1
2026-05-30T13:25:22Z,8783.288,1,1
2026-05-30T13:25:27Z,8811.006,1,1
2026-05-30T13:25:32Z,8832.934,1,1
2026-05-30T13:25:37Z,8851.437,1,0
2026-05-30T13:25:42Z,8868.619,1,0
2026-05-30T13:25:47Z,8888.247,1,0
2026-05-30T13:25:52Z,8905.759,1,0
2026-05-30T13:25:57Z,8927.395,1,0
2026-05-30T13:26:02Z,8946.499,1,0
2026-05-30T13:26:07Z,8962.115,1,0
2026-05-30T13:26:12Z,8973.669,1,0
2026-05-30T13:26:17Z,8985.233,1,0
2026-05-30T13:26:22Z,8997.73,1,0
2026-05-30T13:26:27Z,9005.108,1,0
2026-05-30T13:26:32Z,9024.778,1,0
2026-05-30T13:26:37Z,9030.523,1,0
2026-05-30T13:26:42Z,9030.826,1,0
2026-05-30T13:26:47Z,9015.991,1,0
2026-05-30T13:26:52Z,9020.618,1,0
2026-05-30T13:26:57Z,9021.129,1,0
2026-05-30T13:27:02Z,9030.036,1,0
2026-05-30T13:27:07Z,9029.331,1,0
2026-05-30T13:27:12Z,9030.455,1,0
2026-05-30T13:27:17Z,9028.606,1,0
2026-05-30T13:27:22Z,9030.332,1,0
2026-05-30T13:27:27Z,9034.445,1,0
2026-05-30T13:27:32Z,9042.99,1,0
2026-05-30T13:27:37Z,9050.109,1,0
2026-05-30T13:27:42Z,9056.827,1,0
2026-05-30T13:27:47Z,9062.536,1,0
2026-05-30T13:27:52Z,9070.62,1,0
2026-05-30T13:27:57Z,9077.586,1,0
2026-05-30T13:28:02Z,9082.999,1,0
2026-05-30T13:28:07Z,9093.006,1,0
2026-05-30T13:28:12Z,9107.53,1,0
2026-05-30T13:28:17Z,9126.07,1,0
2026-05-30T13:28:22Z,9146.721,1,0
2026-05-30T13:28:27Z,9164.79,1,0
2026-05-30T13:28:32Z,9171.409,1,0
2026-05-30T13:28:37Z,9182.009,1,0
2026-05-30T13:28:42Z,9191.07,1,0
2026-05-30T13:28:47Z,9203.902,1,0
2026-05-30T13:28:52Z,9214.461,1,0
2026-05-30T13:28:57Z,9224.872,1,0
2026-05-30T13:29:02Z,9227.484,1,0
2026-05-30T13:29:07Z,9229.574,1,0
2026-05-30T13:29:12Z,9893.501,1,0
2026-05-30T13:29:17Z,9889.885,1,0
2026-05-30T13:29:22Z,9888.428,1,0
2026-05-30T13:29:27Z,9882.327,1,0
2026-05-30T13:29:32Z,9883.288,1,0
2026-05-30T13:29:37Z,9880.39,1,0
2026-05-30T13:29:42Z,9877.662,1,0
2026-05-30T13:29:47Z,9874.06,1,0
2026-05-30T13:29:52Z,9866.365,1,0
2026-05-30T13:29:57Z,9862.605,1,0
2026-05-30T13:30:02Z,9858.102,1,0
2026-05-30T13:30:07Z,9853.181,1,0
2026-05-30T13:30:12Z,9847.85,1,0
2026-05-30T13:30:17Z,9850.525,1,0
2026-05-30T13:30:22Z,9840.689,1,0
2026-05-30T13:30:27Z,9833.468,1,0
2026-05-30T13:30:32Z,9819.678,1,0
2026-05-30T13:30:37Z,9811.15,1,0
2026-05-30T13:30:42Z,9801.531,1,0
2026-05-30T13:30:47Z,9801.777,1,0
2026-05-30T13:30:52Z,9792.357,1,0
2026-05-30T13:30:57Z,9777.914,1,0
2026-05-30T13:31:02Z,9769.953,1,1
2026-05-30T13:31:07Z,9768.469,1,1
2026-05-30T13:31:12Z,9770.6,1,1
2026-05-30T13:31:17Z,9789.056,1,1
2026-05-30T13:31:22Z,9782.798,1,1
2026-05-30T13:31:27Z,9774.4375,1,1
2026-05-30T13:31:32Z,9732.83,1,1
2026-05-30T13:31:37Z,9695.238,1,1
2026-05-30T13:31:42Z,9644.033,1,1
2026-05-30T13:31:47Z,9587.148,1,1
2026-05-30T13:31:52Z,9544.07,1,1
2026-05-30T13:31:57Z,9483.707,1,1
2026-05-30T13:32:02Z,9438.055,1,0
2026-05-30T13:32:07Z,9394.308,1,0
2026-05-30T13:32:12Z,9347.399,1,0
2026-05-30T13:32:17Z,9320.947,1,0
2026-05-30T13:32:22Z,9308.385,1,0
2026-05-30T13:32:27Z,9298.532,1,0
2026-05-30T13:32:32Z,9289.904,1,0
2026-05-30T13:32:37Z,9285.302,1,0
2026-05-30T13:32:42Z,9279.108,1,0
2026-05-30T13:32:47Z,9277.442,1,0
2026-05-30T13:32:52Z,9274.291,1,0
2026-05-30T13:32:57Z,9282.922,1,0
2026-05-30T13:33:02Z,9291.549,1,0
2026-05-30T13:33:07Z,9294.352,1,0
2026-05-30T13:33:12Z,9306.412,1,0
2026-05-30T13:33:17Z,9299.708,1,0
2026-05-30T13:33:22Z,7553.2236,0,0
2026-05-30T13:33:27Z,7545.2886,0,0
2026-05-30T13:33:32Z,7543.641,0,0
2026-05-30T13:33:37Z,7545.8735,0,0
2026-05-30T13:33:42Z,7547.429,0,0
2026-05-30T13:33:47Z,7549.9243,0,0
2026-05-30T13:33:52Z,7549.988,0,0
2026-05-30T13:33:57Z,7552.2666,0,0
2026-05-30T13:34:02Z,7553.7847,0,0
2026-05-30T13:34:07Z,7555.4053,0,0
2026-05-30T13:34:12Z,7559.434,0,0
2026-05-30T13:34:17Z,7564.0527,0,0
2026-05-30T13:34:22Z,7571.0293,0,0
2026-05-30T13:34:27Z,7575.091,0,0
2026-05-30T13:34:32Z,7582.0903,0,0
2026-05-30T13:34:37Z,7593.137,0,0
2026-05-30T13:34:42Z,7604.446,0,0
2026-05-30T13:34:47Z,7612.8843,0,0
2026-05-30T13:34:52Z,7624.9746,0,0
2026-05-30T13:34:57Z,7644.085,0,0
2026-05-30T13:35:02Z,7665.0845,0,0
2026-05-30T13:35:07Z,7679.696,0,0
2026-05-30T13:35:12Z,7693.752,0,0
2026-05-30T13:35:17Z,7703.782,0,0
2026-05-30T13:35:22Z,7718.1846,0,0
2026-05-30T13:35:27Z,7728.759,0,0
2026-05-30T13:35:32Z,7742.734,0,0
2026-05-30T13:35:37Z,7757.1187,0,0
2026-05-30T13:35:42Z,7770.3296,0,0
2026-05-30T13:35:47Z,7780.106,0,0
2026-05-30T13:35:52Z,7784.363,0,0
2026-05-30T13:35:57Z,7784.2456,0,0
2026-05-30T13:36:02Z,7784.773,0,0
2026-05-30T13:36:07Z,7790.673,0,0
2026-05-30T13:36:12Z,7803.755,0,0
2026-05-30T13:36:17Z,7816.7656,0,0
2026-05-30T13:36:22Z,7833.4517,0,0
2026-05-30T13:36:27Z,7844.3496,0,0
2026-05-30T13:36:32Z,7853.154,1,0
2026-05-30T13:36:37Z,7867.835,1,0
2026-05-30T13:36:42Z,7884.0654,1,1
2026-05-30T13:36:47Z,7900.0146,1,1
2026-05-30T13:36:52Z,7914.836,1,1
2026-05-30T13:36:57Z,7922.1,1,1
2026-05-30T13:37:02Z,7926.814,1,1
2026-05-30T13:37:07Z,7929.2944,1,1
2026-05-30T13:37:12Z,7925.9326,1,1
2026-05-30T13:37:17Z,7922.9253,1,1
2026-05-30T13:37:22Z,7919.9355,1,1
2026-05-30T13:37:27Z,7920.4883,1,1
2026-05-30T13:37:32Z,8944.169,1,1
2026-05-30T13:37:37Z,8926.168,1,1
2026-05-30T13:37:42Z,8906.48,1,0
2026-05-30T13:37:47Z,8887.65,1,0
2026-05-30T13:37:52Z,8857.859,1,0
2026-05-30T13:37:57Z,8835.487,1,0
2026-05-30T13:38:02Z,8818.342,1,0
2026-05-30T13:38:07Z,8797.021,1,0
2026-05-30T13:38:12Z,8780.806,1,0
2026-05-30T13:38:17Z,8751.914,1,0
2026-05-30T13:38:22Z,8728.296,1,0
2026-05-30T13:38:27Z,8707.377,1,0
2026-05-30T13:38:32Z,8688.251,1,0
2026-05-30T13:38:37Z,8669.867,1,0
2026-05-30T13:38:42Z,8648.691,1,0
2026-05-30T13:38:47Z,8627.816,1,0
2026-05-30T13:38:52Z,8604.113,1,0
2026-05-30T13:38:57Z,8581.395,1,0
2026-05-30T13:39:02Z,8562.503,1,0
2026-05-30T13:39:07Z,8542.889,1,0
2026-05-30T13:39:12Z,8533.537,1,0
2026-05-30T13:39:17Z,8523.734,1,0
2026-05-30T13:39:22Z,8514.485,1,0
2026-05-30T13:39:27Z,8501.561,1,0
2026-05-30T13:39:32Z,8479.595,1,0
2026-05-30T13:39:37Z,8458.475,1,0
2026-05-30T13:39:42Z,8439.592,1,0
2026-05-30T13:39:47Z,8419.041,1,0
2026-05-30T13:39:52Z,8397.919,1,0
2026-05-30T13:39:57Z,8378.669,1,0
2026-05-30T13:40:02Z,8358.28,1,0
2026-05-30T13:40:07Z,8345.638,1,0
2026-05-30T13:40:12Z,8339.502,1,0
2026-05-30T13:40:17Z,8342.4375,1,0
2026-05-30T13:40:22Z,8344.703,1,0
2026-05-30T13:40:27Z,8354.241,1,0
2026-05-30T13:40:32Z,8366.716,1,0
2026-05-30T13:40:37Z,8380.873,1,0
2026-05-30T13:40:42Z,8379.916,1,0
2026-05-30T13:40:47Z,8387.627,1,0
2026-05-30T13:40:52Z,8394.58,1,0
2026-05-30T13:40:57Z,8397.673,1,0
2026-05-30T13:41:02Z,8404.644,1,0
2026-05-30T13:41:07Z,8419.684,1,0
2026-05-30T13:41:12Z,8443.749,1,0
2026-05-30T13:41:17Z,8466.072,1,0
2026-05-30T13:41:22Z,8481.334,1,0
2026-05-30T13:41:27Z,8498.429,1,0
2026-05-30T13:41:32Z,8518.526,1,0
2026-05-30T13:41:37Z,8549.466,1,0
2026-05-30T13:41:42Z,11120.269,1,0
2026-05-30T13:41:47Z,11151.803,1,0
2026-05-30T13:41:52Z,11185.083,1,0
2026-05-30T13:41:57Z,11213.3,1,0
2026-05-30T13:42:02Z,11247.428,1,0
2026-05-30T13:42:07Z,11279.485,1,0
2026-05-30T13:42:12Z,11321.584,1,0
2026-05-30T13:42:17Z,11357.65,1,0
2026-05-30T13:42:22Z,11399.515,1,0
2026-05-30T13:42:27Z,11436.65,1,0
2026-05-30T13:42:32Z,11472.274,1,0
2026-05-30T13:42:37Z,11497.894,1,0
2026-05-30T13:42:42Z,11527.713,1,0
2026-05-30T13:42:47Z,11543.724,1,0
2026-05-30T13:42:52Z,11568.424,1,0
2026-05-30T13:42:57Z,11584.297,1,0
2026-05-30T13:43:02Z,11574.265,1,1
2026-05-30T13:43:07Z,11571.08,1,1
2026-05-30T13:43:12Z,11567.53,1,1
2026-05-30T13:43:17Z,11609.239,1,1
2026-05-30T13:43:22Z,11627.155,1,1
2026-05-30T13:43:27Z,11640.905,1,1
2026-05-30T13:43:32Z,11602.875,1,1
2026-05-30T13:43:37Z,11578.978,1,1
2026-05-30T13:43:42Z,11546.274,1,1
2026-05-30T13:43:47Z,11503.606,1,1
2026-05-30T13:43:52Z,11476.978,1,1
2026-05-30T13:43:57Z,11442.626,1,1
2026-05-30T13:44:02Z,11413.379,1,0
2026-05-30T13:44:07Z,11390.361,1,0
2026-05-30T13:44:12Z,11367.28,1,0
2026-05-30T13:44:17Z,11340.392,1,0
2026-05-30T13:44:22Z,11324.544,1,0
2026-05-30T13:44:27Z,11292.961,1,0
2026-05-30T13:44:32Z,11274.942,1,0
2026-05-30T13:44:37Z,11259.411,1,0
2026-05-30T13:44:42Z,11249.633,1,0
2026-05-30T13:44:47Z,11244.302,1,0
2026-05-30T13:44:52Z,11230.83,1,0
2026-05-30T13:44:57Z,11229.908,1,0
2026-05-30T13:45:02Z,11243.958,1,0
2026-05-30T13:45:07Z,11236.4795,1,0
2026-05-30T13:45:12Z,11207.19,1,0
2026-05-30T13:45:17Z,11179.73,1,0
2026-05-30T13:45:22Z,11171.4,1,0
2026-05-30T13:45:27Z,11179.078,1,0
2026-05-30T13:45:32Z,11193.532,1,0
2026-05-30T13:45:37Z,11196.789,1,0
2026-05-30T13:45:42Z,11199.733,1,0
2026-05-30T13:45:47Z,11202.398,1,0
2026-05-30T13:45:52Z,9258.174,1,0
2026-05-30T13:45:57Z,9257.144,1,0
2026-05-30T13:46:02Z,9251.85,1,0
2026-05-30T13:46:07Z,9257.958,1,0
2026-05-30T13:46:12Z,9268.664,1,0
2026-05-30T13:46:17Z,9274.5625,1,0
2026-05-30T13:46:22Z,9286.144,1,0
2026-05-30T13:46:27Z,9294.072,1,0
2026-05-30T13:46:32Z,9299.479,1,0
2026-05-30T13:46:37Z,9313.502,1,0
2026-05-30T13:46:42Z,9328.491,1,0
2026-05-30T13:46:47Z,9344.673,1,0
2026-05-30T13:46:52Z,9352.752,1,0
2026-05-30T13:46:57Z,9353.396,1,0
2026-05-30T13:47:02Z,9357.778,1,0
2026-05-30T13:47:07Z,9362.922,1,0
2026-05-30T13:47:12Z,9375.804,1,0
2026-05-30T13:47:17Z,9374.623,1,0
2026-05-30T13:47:22Z,9374.005,1,0
2026-05-30T13:47:27Z,9368.584,1,0
2026-05-30T13:47:32Z,9374.545,1,0
2026-05-30T13:47:37Z,9377.668,1,0
2026-05-30T13:47:42Z,9384.837,1,0
2026-05-30T13:47:47Z,9392.215,1,0
2026-05-30T13:47:52Z,9402.264,1,0
2026-05-30T13:47:57Z,9416.958,1,0
2026-05-30T13:48:02Z,9446.284,1,0
2026-05-30T13:48:07Z,9466.373,1,0
2026-05-30T13:48:12Z,9480.106,1,0
2026-05-30T13:48:17Z,9484.1875,1,1
2026-05-30T13:48:22Z,9499.514,1,1
2026-05-30T13:48:27Z,9509.893,1,1
2026-05-30T13:48:32Z,9523.593,1,1
2026-05-30T13:48:37Z,9539.3125,1,1
2026-05-30T13:48:42Z,9554.492,1,1
2026-05-30T13:48:47Z,9576.991,1,1
2026-05-30T13:48:52Z,9604.574,1,1
2026-05-30T13:48:57Z,9625.292,1,1
2026-05-30T13:49:02Z,9645.212,1,1
2026-05-30T13:49:07Z,9638.884,1,1
2026-05-30T13:49:12Z,9631.018,1,1
2026-05-30T13:49:17Z,9616.293,1,0
2026-05-30T13:49:22Z,9600.162,1,0
2026-05-30T13:49:27Z,9591.077,1,0
2026-05-30T13:49:32Z,9574.66,1,0
2026-05-30T13:49:37Z,9557.1045,1,0
2026-05-30T13:49:42Z,9539.203,1,0
2026-05-30T13:49:47Z,9518.288,1,0
2026-05-30T13:49:52Z,9498.21,1,0
2026-05-30T13:49:57Z,9477.056,1,0
2026-05-30T13:50:02Z,7932.9243,1,0
2026-05-30T13:50:07Z,7922.1113,1,0
2026-05-30T13:50:12Z,7910.329,1,0
2026-05-30T13:50:17Z,7900.311,1,0
2026-05-30T13:50:22Z,7890.3916,1,0
2026-05-30T13:50:27Z,7879.9453,1,0
2026-05-30T13:50:32Z,7873.838,1,0
2026-05-30T13:50:37Z,7874.953,1,0
2026-05-30T13:50:42Z,7872.7397,1,0
2026-05-30T13:50:47Z,7876.8447,1,0
2026-05-30T13:50:52Z,7859.4517,1,0
2026-05-30T13:50:57Z,7837.248,0,0
2026-05-30T13:51:02Z,7798.4067,0,0
2026-05-30T13:51:07Z,7785.274,0,0
2026-05-30T13:51:12Z,7771.6265,0,0
2026-05-30T13:51:17Z,7767.1777,0,0
2026-05-30T13:51:22Z,7763.359,0,0
2026-05-30T13:51:27Z,7772.2812,0,0
2026-05-30T13:51:32Z,7785.7837,0,0
2026-05-30T13:51:37Z,7804.721,0,0
2026-05-30T13:51:42Z,7822.008,0,0
2026-05-30T13:51:47Z,7829.685,0,0
2026-05-30T13:51:52Z,7832.038,0,0
2026-05-30T13:51:57Z,7828.303,0,0
2026-05-30T13:52:02Z,7819.3203,0,0
2026-05-30T13:52:07Z,7806.3994,0,0
2026-05-30T13:52:12Z,7790.1685,0,0
2026-05-30T13:52:17Z,7776.7456,0,0
2026-05-30T13:52:22Z,7767.79,0,0
2026-05-30T13:52:27Z,7763.653,0,0
2026-05-30T13:52:32Z,7759.9126,0,0
2026-05-30T13:52:37Z,7757.9863,0,0
2026-05-30T13:52:42Z,7752.989,0,0
2026-05-30T13:52:47Z,7751.2354,0,0
2026-05-30T13:52:52Z,7753.0522,0,0
2026-05-30T13:52:57Z,7749.629,0,0
2026-05-30T13:53:02Z,7748.4355,0,0
2026-05-30T13:53:07Z,7747.255,0,0
2026-05-30T13:53:12Z,7747.8193,0,0
2026-05-30T13:53:17Z,7755.269,0,0
2026-05-30T13:53:22Z,7762.0264,0,0
2026-05-30T13:53:27Z,7770.801,0,0
2026-05-30T13:53:32Z,7795.3013,0,0
2026-05-30T13:53:37Z,7817.564,0,0
2026-05-30T13:53:42Z,7841.6523,0,0
2026-05-30T13:53:47Z,7861.7896,1,1
2026-05-30T13:53:52Z,7873.4556,1,1
2026-05-30T13:53:57Z,7897.581,1,1
2026-05-30T13:54:02Z,7947.9995,1,1
2026-05-30T13:54:07Z,7977.726,1,1
2026-05-30T13:54:12Z,9358.881,1,1
2026-05-30T13:54:17Z,9357.4375,1,1
2026-05-30T13:54:22Z,9374.078,1,1
2026-05-30T13:54:27Z,9388.88,1,1
2026-05-30T13:54:32Z,9392.329,1,1
2026-05-30T13:54:37Z,9389.966,1,1
2026-05-30T13:54:42Z,9363.851,1,1
2026-05-30T13:54:47Z,9352.1,1,0
2026-05-30T13:54:52Z,9347.287,1,0
2026-05-30T13:54:57Z,9358.228,1,0
2026-05-30T13:55:02Z,9364.822,1,0
2026-05-30T13:55:07Z,9363.177,1,0
2026-05-30T13:55:12Z,9356.4795,1,0
2026-05-30T13:55:17Z,9350.814,1,0
2026-05-30T13:55:22Z,9351.05,1,0
2026-05-30T13:55:27Z,9345.408,1,0
2026-05-30T13:55:32Z,9350.585,1,0
2026-05-30T13:55:37Z,9356.101,1,0
2026-05-30T13:55:42Z,9366.676,1,0
2026-05-30T13:55:47Z,9379.394,1,0
2026-05-30T13:55:52Z,9381.1455,1,0
2026-05-30T13:55:57Z,9369.994,1,0
2026-05-30T13:56:02Z,9352.742,1,0
2026-05-30T13:56:07Z,9352.294,1,0
2026-05-30T13:56:12Z,9359.89,1,0
2026-05-30T13:56:17Z,9378.702,1,0
2026-05-30T13:56:22Z,9382.543,1,0
2026-05-30T13:56:27Z,9380.234,1,0
2026-05-30T13:56:32Z,9368.22,1,0
2026-05-30T13:56:37Z,9376.354,1,0
2026-05-30T13:56:42Z,9397.596,1,0
2026-05-30T13:56:47Z,9415.686,1,0
2026-05-30T13:56:52Z,9426.94,1,0
2026-05-30T13:56:57Z,9428.561,1,0
2026-05-30T13:57:02Z,9438.801,1,0
2026-05-30T13:57:07Z,9451.551,1,0
2026-05-30T13:57:12Z,9469.295,1,0
2026-05-30T13:57:17Z,9491.458,1,0
2026-05-30T13:57:22Z,9501.117,1,0
2026-05-30T13:57:27Z,9504.526,1,0
2026-05-30T13:57:32Z,9513.297,1,0
2026-05-30T13:57:37Z,9539.722,1,0
2026-05-30T13:57:42Z,9562.624,1,0
2026-05-30T13:57:47Z,9580.382,1,0
2026-05-30T13:57:52Z,9593.472,1,0
2026-05-30T13:57:57Z,9602.388,1,0
2026-05-30T13:58:02Z,9609.938,1,0
2026-05-30T13:58:07Z,9615.676,1,0
2026-05-30T13:58:12Z,9619.89,1,0
2026-05-30T13:58:17Z,9625.902,1,0
2026-05-30T13:58:22Z,8813.684,1,0
2026-05-30T13:58:27Z,8816.703,1,0
2026-05-30T13:58:32Z,8828.353,1,0
2026-05-30T13:58:37Z,8844.779,1,0
2026-05-30T13:58:42Z,8855.893,1,0
2026-05-30T13:58:47Z,8865.961,1,0
2026-05-30T13:58:52Z,8870.953,1,0
2026-05-30T13:58:57Z,8881.866,1,0
2026-05-30T13:59:02Z,8892.074,1,0
2026-05-30T13:59:07Z,8909.834,1,0
2026-05-30T13:59:12Z,8924.421,1,0
2026-05-30T13:59:17Z,8933.509,1,0
2026-05-30T13:59:22Z,8939.309,1,0
2026-05-30T13:59:27Z,8944.925,1,0
2026-05-30T13:59:32Z,8957.786,1,0
2026-05-30T13:59:37Z,8969.422,1,0
2026-05-30T13:59:42Z,8974.22,1,0
2026-05-30T13:59:47Z,8970.506,1,0
2026-05-30T13:59:52Z,8966.512,1,0
2026-05-30T13:59:57Z,8964.332,1,0
2026-05-30T14:00:02Z,8967.537,1,0
2026-05-30T14:00:07Z,8972.167,1,0
2026-05-30T14:00:12Z,8978.341,1,0
2026-05-30T14:00:17Z,8988.091,1,0
2026-05-30T14:00:22Z,8988.073,1,0
2026-05-30T14:00:27Z,8987.7295,1,0
2026-05-30T14:00:32Z,8996.332,1,0
2026-05-30T14:00:37Z,9010.717,1,0
2026-05-30T14:00:42Z,9024.241,1,0
2026-05-30T14:00:47Z,9041.972,1,1
2026-05-30T14:00:52Z,9051.266,1,1
2026-05-30T14:00:57Z,9064.695,1,1
2026-05-30T14:01:02Z,9074.724,1,1
2026-05-30T14:01:07Z,9080.906,1,1
2026-05-30T14:01:12Z,9085.845,1,1
2026-05-30T14:01:17Z,9083.303,1,1
2026-05-30T14:01:22Z,9082.213,1,1
2026-05-30T14:01:27Z,9075.68,1,1
2026-05-30T14:01:32Z,9065.341,1,1
2026-05-30T14:01:37Z,9057.588,1,1
2026-05-30T14:01:42Z,9053.889,1,1
2026-05-30T14:01:47Z,9041.413,1,0
2026-05-30T14:01:52Z,9023.198,1,0
2026-05-30T14:01:57Z,9010.193,1,0
2026-05-30T14:02:02Z,8995.152,1,0
2026-05-30T14:02:07Z,8980.937,1,0
2026-05-30T14:02:12Z,8967.635,1,0
2026-05-30T14:02:17Z,8950.235,1,0
2026-05-30T14:02:22Z,8934.765,1,0
2026-05-30T14:02:27Z,8917.422,1,0
2026-05-30T14:02:32Z,8431.364,1,0
2026-05-30T14:02:37Z,8433.09,1,0
2026-05-30T14:02:42Z,8442.878,1,0
2026-05-30T14:02:47Z,8449.324,1,0
2026-05-30T14:02:52Z,8453.984,1,0
2026-05-30T14:02:57Z,8460.5205,1,0
2026-05-30T14:03:02Z,8465.543,1,0
2026-05-30T14:03:07Z,8470.142,1,0
2026-05-30T14:03:12Z,8477.624,1,0
2026-05-30T14:03:17Z,8489.709,1,0
2026-05-30T14:03:22Z,8495.035,1,0
2026-05-30T14:03:27Z,8494.434,1,0
2026-05-30T14:03:32Z,8490.586,1,0
2026-05-30T14:03:37Z,8487.772,1,0
2026-05-30T14:03:42Z,8480.699,1,0
2026-05-30T14:03:47Z,8475.055,1,0
2026-05-30T14:03:52Z,8467.404,1,0
2026-05-30T14:03:57Z,8456.267,1,0
2026-05-30T14:04:02Z,8452.747,1,0
2026-05-30T14:04:07Z,8440.286,1,0
2026-05-30T14:04:12Z,8431.864,1,0
2026-05-30T14:04:17Z,8419.669,1,0
2026-05-30T14:04:22Z,8412.905,1,0
2026-05-30T14:04:27Z,8408.718,1,0
2026-05-30T14:04:32Z,8408.745,1,0
2026-05-30T14:04:37Z,8413.289,1,0
2026-05-30T14:04:42Z,8414.655,1,0
2026-05-30T14:04:47Z,8415.81,1,0
2026-05-30T14:04:52Z,8410.804,1,0
2026-05-30T14:04:57Z,8409.254,1,0
2026-05-30T14:05:02Z,8406.144,1,0
2026-05-30T14:05:07Z,8411.09,1,0
2026-05-30T14:05:12Z,8414.706,1,0
2026-05-30T14:05:17Z,8423.907,1,0
2026-05-30T14:05:22Z,8432.367,1,0
2026-05-30T14:05:27Z,8449.41,1,0
2026-05-30T14:05:32Z,8460.31,1,0
2026-05-30T14:05:37Z,8469.733,1,0
2026-05-30T14:05:42Z,8470.748,1,0
2026-05-30T14:05:47Z,8472.618,1,0
2026-05-30T14:05:52Z,8464.597,1,0
2026-05-30T14:05:57Z,8454.706,1,0
2026-05-30T14:06:02Z,8445.109,1,0
2026-05-30T14:06:07Z,8434.45,1,0
2026-05-30T14:06:12Z,8425.336,1,0
2026-05-30T14:06:17Z,8413.473,1,0
2026-05-30T14:06:22Z,8400.456,1,0
2026-05-30T14:06:27Z,8388.748,1,0
2026-05-30T14:06:32Z,8382.022,1,0
2026-05-30T14:06:37Z,8363.676,1,0
2026-05-30T14:06:42Z,10355.538,1,0
2026-05-30T14:06:47Z,10320.441,1,0
2026-05-30T14:06:52Z,10300.258,1,0
2026-05-30T14:06:57Z,10292.137,1,0
2026-05-30T14:07:02Z,10289.039,1,0
2026-05-30T14:07:07Z,10285.117,1,0
2026-05-30T14:07:12Z,10281.127,1,0
2026-05-30T14:07:17Z,10285.686,1,0
2026-05-30T14:07:22Z,10295.529,1,1
2026-05-30T14:07:27Z,10304.37,1,1
2026-05-30T14:07:32Z,10347.977,1,1
2026-05-30T14:07:37Z,10368.155,1,1
2026-05-30T14:07:42Z,10374.784,1,1
2026-05-30T14:07:47Z,10353.692,1,1
2026-05-30T14:07:52Z,10344.496,1,1
2026-05-30T14:07:57Z,10334.236,1,1
2026-05-30T14:08:02Z,10298.275,1,1
2026-05-30T14:08:07Z,10264.477,1,1
2026-05-30T14:08:12Z,10224.462,1,1
2026-05-30T14:08:17Z,10209.6455,1,0
2026-05-30T14:08:22Z,10179.734,1,0
2026-05-30T14:08:27Z,10148.653,1,0
2026-05-30T14:08:32Z,10114.355,1,0
2026-05-30T14:08:37Z,10097.901,1,0
2026-05-30T14:08:42Z,10073.168,1,0
2026-05-30T14:08:47Z,10054.232,1,0
2026-05-30T14:08:52Z,10044.765,1,0
2026-05-30T14:08:57Z,10031.687,1,0
2026-05-30T14:09:02Z,10011.842,1,0
2026-05-30T14:09:07Z,10000.09,1,0
2026-05-30T14:09:12Z,9989.227,1,0
2026-05-30T14:09:17Z,9977.781,1,0
2026-05-30T14:09:22Z,9967.577,1,0
2026-05-30T14:09:27Z,9964.299,1,0
2026-05-30T14:09:32Z,9963.114,1,0
2026-05-30T14:09:37Z,9973.31,1,0
2026-05-30T14:09:42Z,9976.125,1,0
2026-05-30T14:09:47Z,9974.534,1,0
2026-05-30T14:09:52Z,9983.661,1,0
2026-05-30T14:09:57Z,9986.403,1,0
2026-05-30T14:10:02Z,9985.827,1,0
2026-05-30T14:10:07Z,9983.418,1,0
2026-05-30T14:10:12Z,9986.288,1,0
2026-05-30T14:10:17Z,9996.976,1,0
2026-05-30T14:10:22Z,10014.905,1,0
2026-05-30T14:10:27Z,10030.391,1,0
2026-05-30T14:10:32Z,10046.92,1,0
2026-05-30T14:10:37Z,10055.503,1,0
2026-05-30T14:10:42Z,10059.955,1,0
2026-05-30T14:10:47Z,10066.706,1,0
2026-05-30T14:10:52Z,8710.294,1,0
2026-05-30T14:10:57Z,8720.819,1,0
2026-05-30T14:11:02Z,8732.619,1,0
2026-05-30T14:11:07Z,8741.654,1,0
2026-05-30T14:11:12Z,8738.12,1,0
2026-05-30T14:11:17Z,8743.213,1,0
2026-05-30T14:11:22Z,8745.069,1,0
2026-05-30T14:11:27Z,8751.0625,1,0
2026-05-30T14:11:32Z,8745.258,1,0
2026-05-30T14:11:37Z,8736.577,1,0
2026-05-30T14:11:42Z,8733.195,1,0
2026-05-30T14:11:47Z,8739.201,1,0
2026-05-30T14:11:52Z,8743.313,1,0
2026-05-30T14:11:57Z,8729.947,1,0
2026-05-30T14:12:02Z,8713.894,1,0
2026-05-30T14:12:07Z,8701.211,1,0
2026-05-30T14:12:12Z,8701.45,1,0
2026-05-30T14:12:17Z,8698.21,1,0
2026-05-30T14:12:22Z,8698.749,1,0
2026-05-30T14:12:27Z,8695.5205,1,0
2026-05-30T14:12:32Z,8701.684,1,0
2026-05-30T14:12:37Z,8702.732,1,0
2026-05-30T14:12:42Z,8708.411,1,0
2026-05-30T14:12:47Z,8726.875,1,0
2026-05-30T14:12:52Z,8757.331,1,0
2026-05-30T14:12:57Z,8794.483,1,0
2026-05-30T14:13:02Z,8831.7295,1,0
2026-05-30T14:13:07Z,8860.77,1,0
2026-05-30T14:13:12Z,8879.569,1,0
2026-05-30T14:13:17Z,8899.89,1,0
2026-05-30T14:13:22Z,8912.332,1,0
2026-05-30T14:13:27Z,8921.14,1,0
2026-05-30T14:13:32Z,8920.453,1,0
2026-05-30T14:13:37Z,8929.206,1,0
2026-05-30T14:13:42Z,8942.51,1,0
2026-05-30T14:13:47Z,8961.422,1,0
2026-05-30T14:13:52Z,8969.796,1,0
2026-05-30T14:13:57Z,8974.106,1,0
2026-05-30T14:14:02Z,8984.5,1,0
2026-05-30T14:14:07Z,9015.293,1,1
2026-05-30T14:14:12Z,9045.347,1,1
2026-05-30T14:14:17Z,9073.63,1,1
2026-05-30T14:14:22Z,9094.619,1,1
2026-05-30T14:14:27Z,9114.78,1,1
2026-05-30T14:14:32Z,9139.694,1,1
2026-05-30T14:14:37Z,9161.875,1,1
2026-05-30T14:14:42Z,9182.605,1,1
2026-05-30T14:14:47Z,9193.315,1,1
2026-05-30T14:14:52Z,9193.925,1,1
2026-05-30T14:14:57Z,9182.9375,1,1
2026-05-30T14:15:02Z,9074.6875,1,1
2026-05-30T14:15:07Z,9073.757,1,0
2026-05-30T14:15:12Z,9065.914,1,0
2026-05-30T14:15:17Z,9048.261,1,0
2026-05-30T14:15:22Z,9029.094,1,0
2026-05-30T14:15:27Z,9012.394,1,0
2026-05-30T14:15:32Z,8992.848,1,0
2026-05-30T14:15:37Z,8972.544,1,0
2026-05-30T14:15:42Z,8953.595,1,0
2026-05-30T14:15:47Z,8933.031,1,0
2026-05-30T14:15:52Z,8919.773,1,0
2026-05-30T14:15:57Z,8900.368,1,0
2026-05-30T14:16:02Z,8880.357,1,0
2026-05-30T14:16:07Z,8861.156,1,0
2026-05-30T14:16:12Z,8843.633,1,0
2026-05-30T14:16:17Z,8827.776,1,0
2026-05-30T14:16:22Z,8818.427,1,0
2026-05-30T14:16:27Z,8811.657,1,0
2026-05-30T14:16:32Z,8803.382,1,0
2026-05-30T14:16:37Z,8790.153,1,0
2026-05-30T14:16:42Z,8772.215,1,0
2026-05-30T14:16:47Z,8764.884,1,0
2026-05-30T14:16:52Z,8755.149,1,0
2026-05-30T14:16:57Z,8750.816,1,0
2026-05-30T14:17:02Z,8751.769,1,0
2026-05-30T14:17:07Z,8751.886,1,0
2026-05-30T14:17:12Z,8751.787,1,0
2026-05-30T14:17:17Z,8751.445,1,0
2026-05-30T14:17:22Z,8745.269,1,0
2026-05-30T14:17:27Z,8741.791,1,0
2026-05-30T14:17:32Z,8742.792,1,0
2026-05-30T14:17:37Z,8745.982,1,0
2026-05-30T14:17:42Z,8747.591,1,0
2026-05-30T14:17:47Z,8748.826,1,0
2026-05-30T14:17:52Z,8750.567,1,0
2026-05-30T14:17:57Z,8752.942,1,0
2026-05-30T14:18:02Z,8754.612,1,0
2026-05-30T14:18:07Z,8757.557,1,0
2026-05-30T14:18:12Z,8762.004,1,0
2026-05-30T14:18:17Z,8767.95,1,0
2026-05-30T14:18:22Z,8770.207,1,0
2026-05-30T14:18:27Z,8768.682,1,0
2026-05-30T14:18:32Z,8761.708,1,0
2026-05-30T14:18:37Z,8756.056,1,0
2026-05-30T14:18:42Z,8743.9,1,0
2026-05-30T14:18:47Z,8733.024,1,0
2026-05-30T14:18:52Z,8733.074,1,0
2026-05-30T14:18:57Z,8741.029,1,0
2026-05-30T14:19:02Z,8749.245,1,0
2026-05-30T14:19:07Z,8760.823,1,0
2026-05-30T14:19:12Z,8891.701,1,0
2026-05-30T14:19:17Z,8889.605,1,0
2026-05-30T14:19:22Z,8891.657,1,0
2026-05-30T14:19:27Z,8895.9375,1,0
2026-05-30T14:19:32Z,8905.6,1,0
2026-05-30T14:19:37Z,8911.574,1,0
2026-05-30T14:19:42Z,8912.885,1,0
2026-05-30T14:19:47Z,8922.434,1,0
2026-05-30T14:19:52Z,8933.605,1,1
2026-05-30T14:19:57Z,8947.872,1,1
2026-05-30T14:20:02Z,8969.924,1,1
2026-05-30T14:20:07Z,8989.381,1,1
2026-05-30T14:20:12Z,9006.421,1,1
2026-05-30T14:20:17Z,9010.877,1,1
2026-05-30T14:20:22Z,9009.474,1,1
2026-05-30T14:20:27Z,9013.891,1,1
2026-05-30T14:20:32Z,9001.098,1,1
2026-05-30T14:20:37Z,8986.056,1,1
2026-05-30T14:20:42Z,8959.66,1,1
2026-05-30T14:20:47Z,8927.142,1,1
2026-05-30T14:20:52Z,8880.609,1,0
2026-05-30T14:20:57Z,8833.652,1,0
2026-05-30T14:21:02Z,8798.628,1,0
2026-05-30T14:21:07Z,8765.813,1,0
2026-05-30T14:21:12Z,8739.451,1,0
2026-05-30T14:21:17Z,8717.961,1,0
2026-05-30T14:21:22Z,8723.054,1,0
2026-05-30T14:21:27Z,8725.178,1,0
2026-05-30T14:21:32Z,8727.982,1,0
2026-05-30T14:21:37Z,8727.422,1,0
2026-05-30T14:21:42Z,8708.157,1,0
2026-05-30T14:21:47Z,8695.622,1,0
2026-05-30T14:21:52Z,8681.726,1,0
2026-05-30T14:21:57Z,8668.294,1,0
2026-05-30T14:22:02Z,8656.974,1,0
2026-05-30T14:22:07Z,8645.8545,1,0
2026-05-30T14:22:12Z,8636.66,1,0
2026-05-30T14:22:17Z,8627.173,1,0
2026-05-30T14:22:22Z,8603.03,1,0
2026-05-30T14:22:27Z,8587.036,1,0
2026-05-30T14:22:32Z,8575.456,1,0
2026-05-30T14:22:37Z,8564.947,1,0
2026-05-30T14:22:42Z,8563.009,1,0
2026-05-30T14:22:47Z,8560.33,1,0
2026-05-30T14:22:52Z,8552.643,1,0
2026-05-30T14:22:57Z,8542.3955,1,0
2026-05-30T14:23:02Z,8528.349,1,0
2026-05-30T14:23:07Z,8511.985,1,0
2026-05-30T14:23:12Z,8495.997,1,0
2026-05-30T14:23:17Z,8487.378,1,0
2026-05-30T14:23:22Z,10143.964,1,0
2026-05-30T14:23:27Z,10149.421,1,0
2026-05-30T14:23:32Z,10158.813,1,0
2026-05-30T14:23:37Z,10162.845,1,0
2026-05-30T14:23:42Z,10165.774,1,0
2026-05-30T14:23:47Z,10165.873,1,0
2026-05-30T14:23:52Z,10163.801,1,0
2026-05-30T14:23:57Z,10153.428,1,0
2026-05-30T14:24:02Z,10145.676,1,0
2026-05-30T14:24:07Z,10133.778,1,0
2026-05-30T14:24:12Z,10127.048,1,0
2026-05-30T14:24:17Z,10126.827,1,0
2026-05-30T14:24:22Z,10127.274,1,0
2026-05-30T14:24:27Z,10125.296,1,0
2026-05-30T14:24:32Z,10121.762,1,0
2026-05-30T14:24:37Z,10125.301,1,0
2026-05-30T14:24:42Z,10144.243,1,0
2026-05-30T14:24:47Z,10174.594,1,0
2026-05-30T14:24:52Z,10185.679,1,0
2026-05-30T14:24:57Z,10193.981,1,0
2026-05-30T14:25:02Z,10186.85,1,0
2026-05-30T14:25:07Z,10194.045,1,0
2026-05-30T14:25:12Z,10204.319,1,0
2026-05-30T14:25:17Z,10225.665,1,0
2026-05-30T14:25:22Z,10257.193,1,0
2026-05-30T14:25:27Z,10290.343,1,0
2026-05-30T14:25:32Z,10318.7,1,0
2026-05-30T14:25:37Z,10353.556,1,0
2026-05-30T14:25:42Z,10379.188,1,0
2026-05-30T14:25:47Z,10401.547,1,0
2026-05-30T14:25:52Z,10423.805,1,0
2026-05-30T14:25:57Z,10442.732,1,0
2026-05-30T14:26:02Z,10463.491,1,0
2026-05-30T14:26:07Z,10487.152,1,0
2026-05-30T14:26:12Z,10505.104,1,0
2026-05-30T14:26:17Z,10540.344,1,0
2026-05-30T14:26:22Z,10586.29,1,0
2026-05-30T14:26:27Z,10634.795,1,0
2026-05-30T14:26:32Z,10679.693,1,0
2026-05-30T14:26:37Z,10729.446,1,0
2026-05-30T14:26:42Z,10781.84,1,0
2026-05-30T14:26:47Z,10830.346,1,1
2026-05-30T14:26:52Z,10874.058,1,1
2026-05-30T14:26:57Z,10914.109,1,1
2026-05-30T14:27:02Z,10948.395,1,1
2026-05-30T14:27:07Z,10977.86,1,1
2026-05-30T14:27:12Z,11009.663,1,1
2026-05-30T14:27:17Z,11032.806,1,1
2026-05-30T14:27:22Z,11054.983,1,1
2026-05-30T14:27:27Z,11065.849,1,1
2026-05-30T14:27:32Z,10986.63,1,1
2026-05-30T14:27:37Z,10983.131,1,1
2026-05-30T14:27:42Z,10966.359,1,1
2026-05-30T14:27:47Z,10946.774,1,0
2026-05-30T14:27:52Z,10916.35,1,0
2026-05-30T14:27:57Z,10890.995,1,0
2026-05-30T14:28:02Z,10860.841,1,0
2026-05-30T14:28:07Z,10822.778,1,0
2026-05-30T14:28:12Z,10786.088,1,0
2026-05-30T14:28:17Z,10756.054,1,0
2026-05-30T14:28:22Z,10735.892,1,0
2026-05-30T14:28:27Z,10714.624,1,0
2026-05-30T14:28:32Z,10699.287,1,0
2026-05-30T14:28:37Z,10682.908,1,0
2026-05-30T14:28:42Z,10671.203,1,0
2026-05-30T14:28:47Z,10671.401,1,0
2026-05-30T14:28:52Z,10672.1875,1,0
2026-05-30T14:28:57Z,10673.736,1,0
2026-05-30T14:29:02Z,10665.656,1,0
2026-05-30T14:29:07Z,10657.549,1,0
2026-05-30T14:29:12Z,10649.249,1,0
2026-05-30T14:29:17Z,10641.485,1,0
2026-05-30T14:29:22Z,10631.994,1,0
2026-05-30T14:29:27Z,10630.304,1,0
2026-05-30T14:29:32Z,10629.389,1,0
2026-05-30T14:29:37Z,10630.574,1,0
2026-05-30T14:29:42Z,10631.451,1,0
2026-05-30T14:29:47Z,10638.101,1,0
2026-05-30T14:29:52Z,10640.093,1,0
2026-05-30T14:29:57Z,10651.38,1,0
2026-05-30T14:30:02Z,10670.042,1,0
2026-05-30T14:30:07Z,10684.328,1,0
2026-05-30T14:30:12Z,10700.272,1,0
2026-05-30T14:30:17Z,10702.666,1,0
2026-05-30T14:30:22Z,10707.7295,1,0
2026-05-30T14:30:27Z,10723.095,1,0
2026-05-30T14:30:32Z,10744.878,1,0
2026-05-30T14:30:37Z,10756.1455,1,0
2026-05-30T14:30:42Z,10771.31,1,0
2026-05-30T14:30:47Z,10790.185,1,0
2026-05-30T14:30:52Z,10822.286,1,0
2026-05-30T14:30:57Z,10835.783,1,0
2026-05-30T14:31:02Z,10839.042,1,0
2026-05-30T14:31:07Z,10838.7705,1,0
2026-05-30T14:31:12Z,10839.585,1,0
2026-05-30T14:31:17Z,10838.99,1,0
2026-05-30T14:31:22Z,10825.033,1,0
2026-05-30T14:31:27Z,10810.518,1,0
2026-05-30T14:31:32Z,10798.072,1,0
2026-05-30T14:31:37Z,10781.407,1,0
2026-05-30T14:31:42Z,7912.0215,1,0
2026-05-30T14:31:47Z,7904.768,1,0
2026-05-30T14:31:52Z,7893.7056,1,0
2026-05-30T14:31:57Z,7880.279,1,0
2026-05-30T14:32:02Z,7860.5757,1,0
2026-05-30T14:32:07Z,7846.591,1,0
2026-05-30T14:32:12Z,7840.206,0,0
2026-05-30T14:32:17Z,7840.5283,0,0
2026-05-30T14:32:22Z,7842.076,0,0
2026-05-30T14:32:27Z,7840.3516,0,0
2026-05-30T14:32:32Z,7835.8066,0,0
2026-05-30T14:32:37Z,7832.0747,0,0
2026-05-30T14:32:42Z,7828.5566,0,0
2026-05-30T14:32:47Z,7826.336,0,0
2026-05-30T14:32:52Z,7828.5176,0,0
2026-05-30T14:32:57Z,7832.659,0,0
2026-05-30T14:33:02Z,7839.2124,0,1
2026-05-30T14:33:07Z,7845.449,1,1
2026-05-30T14:33:12Z,7856.1167,1,1
2026-05-30T14:33:17Z,7879.2944,1,1
2026-05-30T14:33:22Z,7876.5864,1,1
2026-05-30T14:33:27Z,7868.778,1,1
2026-05-30T14:33:32Z,7844.923,1,1
2026-05-30T14:33:37Z,7822.777,0,1
2026-05-30T14:33:42Z,7812.0024,0,1
2026-05-30T14:33:47Z,7788.8267,0,1
2026-05-30T14:33:52Z,7761.3457,0,1
2026-05-30T14:33:57Z,7730.338,0,1
2026-05-30T14:34:02Z,7700.3975,0,0
2026-05-30T14:34:07Z,7681.477,0,0
2026-05-30T14:34:12Z,7643.2725,0,0
2026-05-30T14:34:17Z,7618.8716,0,0
2026-05-30T14:34:22Z,7592.329,0,0
2026-05-30T14:34:27Z,7564.3525,0,0
2026-05-30T14:34:32Z,7547.6987,0,0
2026-05-30T14:34:37Z,7524.8296,0,0
2026-05-30T14:34:42Z,7501.6426,0,0
2026-05-30T14:34:47Z,7474.898,0,0
2026-05-30T14:34:52Z,7458.658,0,0
2026-05-30T14:34:57Z,7449.5444,0,0
2026-05-30T14:35:02Z,7443.2866,0,0
2026-05-30T14:35:07Z,7441.69,0,0
2026-05-30T14:35:12Z,7442.537,0,0
2026-05-30T14:35:17Z,7449.413,0,0
2026-05-30T14:35:22Z,7449.9546,0,0
2026-05-30T14:35:27Z,7453.196,0,0
2026-05-30T14:35:32Z,7448.252,0,0
2026-05-30T14:35:37Z,7449.1445,0,0
2026-05-30T14:35:42Z,7442.582,0,0
2026-05-30T14:35:47Z,7442.932,0,0
2026-05-30T14:35:52Z,10090.755,1,0
2026-05-30T14:35:57Z,10087.152,1,0
2026-05-30T14:36:02Z,10089.229,1,0
2026-05-30T14:36:07Z,10097.639,1,0
2026-05-30T14:36:12Z,10101.061,1,0
2026-05-30T14:36:17Z,10102.203,1,0
2026-05-30T14:36:22Z,10099.738,1,0
2026-05-30T14:36:27Z,10104.688,1,0
2026-05-30T14:36:32Z,10115.55,1,0
2026-05-30T14:36:37Z,10121.713,1,0
2026-05-30T14:36:42Z,10126.629,1,0
2026-05-30T14:36:47Z,10127.47,1,0
2026-05-30T14:36:52Z,10133.364,1,0
2026-05-30T14:36:57Z,10140.234,1,0
2026-05-30T14:37:02Z,10150.071,1,0
2026-05-30T14:37:07Z,10153.316,1,0
2026-05-30T14:37:12Z,10142.507,1,0
2026-05-30T14:37:17Z,10135.479,1,0
2026-05-30T14:37:22Z,10118.62,1,0
2026-05-30T14:37:27Z,10105.986,1,0
2026-05-30T14:37:32Z,10099.194,1,0
2026-05-30T14:37:37Z,10098.497,1,0
2026-05-30T14:37:42Z,10093.424,1,0
2026-05-30T14:37:47Z,10085.598,1,0
2026-05-30T14:37:52Z,10066.745,1,0
2026-05-30T14:37:57Z,10042.325,1,0
2026-05-30T14:38:02Z,10023.984,1,0
2026-05-30T14:38:07Z,10004.833,1,0
2026-05-30T14:38:12Z,9994.5205,1,0
2026-05-30T14:38:17Z,9978.471,1,0
2026-05-30T14:38:22Z,9960.172,1,0
2026-05-30T14:38:27Z,9946.173,1,0
2026-05-30T14:38:32Z,9934.453,1,0
2026-05-30T14:38:37Z,9923.674,1,0
2026-05-30T14:38:42Z,9914.836,1,0
2026-05-30T14:38:47Z,9903.816,1,0
2026-05-30T14:38:52Z,9900.485,1,0
2026-05-30T14:38:57Z,9900.369,1,0
2026-05-30T14:39:02Z,9899.388,1,0
2026-05-30T14:39:07Z,9908.466,1,0
2026-05-30T14:39:12Z,9915.028,1,0
2026-05-30T14:39:17Z,9919.249,1,0
2026-05-30T14:39:22Z,9921.592,1,0
2026-05-30T14:39:27Z,9928.941,1,0
2026-05-30T14:39:32Z,9944.377,1,0
2026-05-30T14:39:37Z,9961.41,1,0
2026-05-30T14:39:42Z,9980.817,1,0
2026-05-30T14:39:47Z,10005.745,1,0
2026-05-30T14:39:52Z,10026.359,1,0
2026-05-30T14:39:57Z,10040.414,1,1
2026-05-30T14:40:02Z,11273.905,1,1
2026-05-30T14:40:07Z,11297.481,1,1
2026-05-30T14:40:12Z,11315.007,1,1
2026-05-30T14:40:17Z,11316.549,1,1
2026-05-30T14:40:22Z,11310.88,1,1
2026-05-30T14:40:27Z,11297.98,1,1
2026-05-30T14:40:32Z,11285.946,1,1
2026-05-30T14:40:37Z,11267.332,1,1
2026-05-30T14:40:42Z,11244.726,1,1
2026-05-30T14:40:47Z,11220.263,1,1
2026-05-30T14:40:52Z,11177.3,1,1
2026-05-30T14:40:57Z,11150.235,1,0
2026-05-30T14:41:02Z,11112.281,1,0
2026-05-30T14:41:07Z,11084.107,1,0
2026-05-30T14:41:12Z,11049.942,1,0
2026-05-30T14:41:17Z,11013.814,1,0
2026-05-30T14:41:22Z,10983.376,1,0
2026-05-30T14:41:27Z,10956.3,1,0
2026-05-30T14:41:32Z,10932.426,1,0
2026-05-30T14:41:37Z,10920.866,1,0
2026-05-30T14:41:42Z,10910.165,1,0
2026-05-30T14:41:47Z,10901.513,1,0
2026-05-30T14:41:52Z,10892.593,1,0
2026-05-30T14:41:57Z,10881.176,1,0
2026-05-30T14:42:02Z,10868.869,1,0
2026-05-30T14:42:07Z,10869.446,1,0
2026-05-30T14:42:12Z,10858.654,1,0
2026-05-30T14:42:17Z,10853.084,1,0
2026-05-30T14:42:22Z,10842.912,1,0
2026-05-30T14:42:27Z,10845.7,1,0
2026-05-30T14:42:32Z,10858.678,1,0
2026-05-30T14:42:37Z,10874.885,1,0
2026-05-30T14:42:42Z,10896.309,1,0
2026-05-30T14:42:47Z,10918.614,1,0
2026-05-30T14:42:52Z,10943.681,1,0
2026-05-30T14:42:57Z,10970.615,1,0
2026-05-30T14:43:02Z,10996.922,1,0
2026-05-30T14:43:07Z,11021.995,1,0
2026-05-30T14:43:12Z,11048.983,1,0
2026-05-30T14:43:17Z,11072.76,1,0
2026-05-30T14:43:22Z,11089.322,1,0
2026-05-30T14:43:27Z,11097.099,1,0
2026-05-30T14:43:32Z,11105.613,1,0
2026-05-30T14:43:37Z,11113.761,1,0
2026-05-30T14:43:42Z,11121.9375,1,0
2026-05-30T14:43:47Z,11127.639,1,0
2026-05-30T14:43:52Z,11132.111,1,0
2026-05-30T14:43:57Z,11139.047,1,0
2026-05-30T14:44:02Z,11145.846,1,0
2026-05-30T14:44:07Z,11155.372,1,0
2026-05-30T14:44:12Z,8129.291,1,0
2026-05-30T14:44:17Z,8140.087,1,0
2026-05-30T14:44:22Z,8144.894,1,0
2026-05-30T14:44:27Z,8139.8657,1,0
2026-05-30T14:44:32Z,8134.2236,1,0
2026-05-30T14:44:37Z,8137.192,1,0
2026-05-30T14:44:42Z,8144.804,1,0
2026-05-30T14:44:47Z,8155.2417,1,0
2026-05-30T14:44:52Z,8154.788,1,0
2026-05-30T14:44:57Z,8151.9644,1,0
2026-05-30T14:45:02Z,8151.893,1,0
2026-05-30T14:45:07Z,8158.322,1,0
2026-05-30T14:45:12Z,8176.0684,1,1
2026-05-30T14:45:17Z,8200.168,1,1
2026-05-30T14:45:22Z,8224.595,1,1
2026-05-30T14:45:27Z,8252.369,1,1
2026-05-30T14:45:32Z,8274.45,1,1
2026-05-30T14:45:37Z,8282.23,1,1
2026-05-30T14:45:42Z,8293.047,1,1
2026-05-30T14:45:47Z,8274.726,1,1
2026-05-30T14:45:52Z,8273.344,1,1
2026-05-30T14:45:57Z,8256.17,1,1
2026-05-30T14:46:02Z,8233.0625,1,1
2026-05-30T14:46:07Z,8210.576,1,1
2026-05-30T14:46:12Z,8166.8926,1,0
2026-05-30T14:46:17Z,8129.3247,1,0
2026-05-30T14:46:22Z,8095.771,1,0
2026-05-30T14:46:27Z,8066.365,1,0
2026-05-30T14:46:32Z,8051.468,1,0
2026-05-30T14:46:37Z,8035.5566,1,0
2026-05-30T14:46:42Z,8009.7427,1,0
2026-05-30T14:46:47Z,7984.5474,1,0
2026-05-30T14:46:52Z,7957.0405,1,0
2026-05-30T14:46:57Z,7932.0713,1,0
2026-05-30T14:47:02Z,7905.298,1,0
2026-05-30T14:47:07Z,7887.257,1,0
2026-05-30T14:47:12Z,7875.4277,1,0
2026-05-30T14:47:17Z,7856.18,1,0
2026-05-30T14:47:22Z,7833.2295,0,0
2026-05-30T14:47:27Z,7811.625,0,0
2026-05-30T14:47:32Z,7789.038,0,0
2026-05-30T14:47:37Z,7781.818,0,0
2026-05-30T14:47:42Z,7782.771,0,0
2026-05-30T14:47:47Z,7782.2803,0,0
2026-05-30T14:47:52Z,7779.8745,0,0
2026-05-30T14:47:57Z,7767.506,0,0
2026-05-30T14:48:02Z,7761.398,0,0
2026-05-30T14:48:07Z,7751.2715,0,0
2026-05-30T14:48:12Z,7746.1616,0,0
2026-05-30T14:48:17Z,7747.061,0,0
2026-05-30T14:48:22Z,7547.9536,0,0
2026-05-30T14:48:27Z,7569.769,0,0
2026-05-30T14:48:32Z,7577.519,0,0
2026-05-30T14:48:37Z,7578.8413,0,0
2026-05-30T14:48:42Z,7575.623,0,0
2026-05-30T14:48:47Z,7575.6245,0,0
2026-05-30T14:48:52Z,7581.227,0,0
2026-05-30T14:48:57Z,7594.211,0,0
2026-05-30T14:49:02Z,7598.678,0,0
2026-05-30T14:49:07Z,7602.6606,0,0
2026-05-30T14:49:12Z,7603.0425,0,0
2026-05-30T14:49:17Z,7614.6455,0,0
2026-05-30T14:49:22Z,7622.502,0,0
2026-05-30T14:49:27Z,7627.813,0,0
2026-05-30T14:49:32Z,7627.4297,0,0
2026-05-30T14:49:37Z,7631.2207,0,0
2026-05-30T14:49:42Z,7640.221,0,0
2026-05-30T14:49:47Z,7651.5,0,0
2026-05-30T14:49:52Z,7658.1274,0,0
2026-05-30T14:49:57Z,7665.9517,0,0
2026-05-30T14:50:02Z,7675.1333,0,0
2026-05-30T14:50:07Z,7685.4414,0,0
2026-05-30T14:50:12Z,7702.689,0,0
2026-05-30T14:50:17Z,7717.292,0,0
2026-05-30T14:50:22Z,7725.702,0,0
2026-05-30T14:50:27Z,7727.698,0,0
2026-05-30T14:50:32Z,7734.5205,0,0
2026-05-30T14:50:37Z,7736.2705,0,0
2026-05-30T14:50:42Z,7743.2446,0,0
2026-05-30T14:50:47Z,7745.3633,0,0
2026-05-30T14:50:52Z,7743.3813,0,0
2026-05-30T14:50:57Z,7742.9766,0,0
2026-05-30T14:51:02Z,7757.297,0,0
2026-05-30T14:51:07Z,7780.331,0,0
2026-05-30T14:51:12Z,7797.443,0,0
2026-05-30T14:51:17Z,7815.6377,0,0
2026-05-30T14:51:22Z,7832.476,0,0
2026-05-30T14:51:27Z,7860.854,1,1
2026-05-30T14:51:32Z,7885.734,1,1
2026-05-30T14:51:37Z,7915.0474,1,1
2026-05-30T14:51:42Z,7940.39,1,1
2026-05-30T14:51:47Z,7960.3413,1,1
2026-05-30T14:51:52Z,7977.5786,1,1
2026-05-30T14:51:57Z,7999.103,1,1
2026-05-30T14:52:02Z,8021.161,1,1
2026-05-30T14:52:07Z,8027.9917,1,1
2026-05-30T14:52:12Z,8026.629,1,1
2026-05-30T14:52:17Z,7999.0376,1,1
2026-05-30T14:52:22Z,8000.972,1,1
2026-05-30T14:52:27Z,7996.479,1,0
2026-05-30T14:52:32Z,9962.318,1,0
2026-05-30T14:52:37Z,9953.306,1,0
2026-05-30T14:52:42Z,9951.835,1,0
2026-05-30T14:52:47Z,9948.578,1,0
2026-05-30T14:52:52Z,9945.759,1,0
2026-05-30T14:52:57Z,9936.569,1,0
2026-05-30T14:53:02Z,9938.693,1,0
2026-05-30T14:53:07Z,9927.607,1,0
2026-05-30T14:53:12Z,9905.597,1,0
2026-05-30T14:53:17Z,9889.244,1,0
2026-05-30T14:53:22Z,9883.822,1,0
2026-05-30T14:53:27Z,9882.756,1,0
2026-05-30T14:53:32Z,9870.896,1,0
2026-05-30T14:53:37Z,9860.824,1,0
2026-05-30T14:53:42Z,9849.525,1,0
2026-05-30T14:53:47Z,9851.067,1,0
2026-05-30T14:53:52Z,9842.347,1,0
2026-05-30T14:53:57Z,9834.809,1,0
2026-05-30T14:54:02Z,9821.676,1,0
2026-05-30T14:54:07Z,9818.546,1,0
2026-05-30T14:54:12Z,9812.382,1,0
2026-05-30T14:54:17Z,9795.654,1,0
2026-05-30T14:54:22Z,9778.219,1,0
2026-05-30T14:54:27Z,9757.7,1,0
2026-05-30T14:54:32Z,9744.682,1,0
2026-05-30T14:54:37Z,9736.352,1,0
2026-05-30T14:54:42Z,9723.695,1,0
2026-05-30T14:54:47Z,9710.158,1,0
2026-05-30T14:54:52Z,9702.772,1,0
2026-05-30T14:54:57Z,9686.044,1,0
2026-05-30T14:55:02Z,9681.962,1,0
2026-05-30T14:55:07Z,9679.907,1,0
2026-05-30T14:55:12Z,9688.008,1,0
2026-05-30T14:55:17Z,9703.273,1,0
2026-05-30T14:55:22Z,9720.484,1,0
2026-05-30T14:55:27Z,9730.935,1,0
2026-05-30T14:55:32Z,9743.663,1,0
2026-05-30T14:55:37Z,9764.09,1,0
2026-05-30T14:55:42Z,9796.201,1,0
2026-05-30T14:55:47Z,9816.713,1,0
2026-05-30T14:55:52Z,9836.03,1,0
2026-05-30T14:55:57Z,9850.259,1,0
2026-05-30T14:56:02Z,9871.718,1,0
2026-05-30T14:56:07Z,9896.804,1,1
2026-05-30T14:56:12Z,9924.843,1,1
2026-05-30T14:56:17Z,9954.691,1,1
2026-05-30T14:56:22Z,9990.747,1,1
2026-05-30T14:56:27Z,10031.8955,1,1
2026-05-30T14:56:32Z,10084.112,1,1
2026-05-30T14:56:37Z,10102.01,1,1
2026-05-30T14:56:42Z,8560.286,1,1
2026-05-30T14:56:47Z,8546.944,1,1
2026-05-30T14:56:52Z,8538.709,1,1
2026-05-30T14:56:57Z,8537.521,1,1
2026-05-30T14:57:02Z,8536.088,1,1
2026-05-30T14:57:07Z,8527.167,1,0
2026-05-30T14:57:12Z,8507.283,1,0
2026-05-30T14:57:17Z,8501.485,1,0
2026-05-30T14:57:22Z,8504.076,1,0
2026-05-30T14:57:27Z,8502.1455,1,0
2026-05-30T14:57:32Z,8497.159,1,0
2026-05-30T14:57:37Z,8492.7295,1,0
2026-05-30T14:57:42Z,8487.146,1,0
2026-05-30T14:57:47Z,8482.509,1,0
2026-05-30T14:57:52Z,8487.02,1,0
2026-05-30T14:57:57Z,8474.36,1,0
2026-05-30T14:58:02Z,8464.949,1,0
2026-05-30T15:02:13Z,8441.126,1,0
2026-05-30T15:02:18Z,8421.674,1,0
2026-05-30T15:02:23Z,8393.683,1,0
2026-05-30T15:02:28Z,8357.781,1,0
2026-05-30T15:02:33Z,8325.988,1,0
2026-05-30T15:02:38Z,8289.685,1,0
2026-05-30T15:02:43Z,8252.546,1,0
2026-05-30T15:02:48Z,8224.429,1,0
2026-05-30T15:02:53Z,8208.945,1,0
2026-05-30T15:02:58Z,8196.411,1,0
2026-05-30T15:03:03Z,8188.11,1,0
2026-05-30T15:03:08Z,8185.647,1,0
2026-05-30T15:03:13Z,8189.066,1,0
2026-05-30T15:03:18Z,8197.46,1,0
2026-05-30T15:03:23Z,8202.399,1,0
2026-05-30T15:03:28Z,8205.474,1,0
2026-05-30T15:03:33Z,8213.338,1,0
2026-05-30T15:03:38Z,8231.893,1,0
2026-05-30T15:03:43Z,8256.922,1,0
2026-05-30T15:03:48Z,8281.178,1,0
2026-05-30T15:03:53Z,8307.484,1,0
2026-05-30T15:03:58Z,8333.887,1,0
2026-05-30T15:04:03Z,8369.3125,1,0
2026-05-30T15:04:08Z,8393.009,1,0
2026-05-30T15:04:13Z,8409.763,1,0
2026-05-30T15:04:18Z,8418.545,1,0
2026-05-30T15:04:23Z,8431.177,1,0
2026-05-30T15:04:28Z,8448.1455,1,0
2026-05-30T15:04:33Z,8472.788,1,0
2026-05-30T15:04:38Z,8484.276,1,0
2026-05-30T15:04:43Z,8491.69,1,0
2026-05-30T15:04:48Z,8497.478,1,0
2026-05-30T15:04:53Z,8519.853,1,0
2026-05-30T15:04:58Z,9147.463,1,0
2026-05-30T15:05:03Z,9159.062,1,0
2026-05-30T15:05:08Z,9164.607,1,0
2026-05-30T15:05:13Z,9175.513,1,0
2026-05-30T15:05:18Z,9186.612,1,0
2026-05-30T15:05:23Z,9193.913,1,0
2026-05-30T15:05:28Z,9197.436,1,0
2026-05-30T15:05:33Z,9191.929,1,0
2026-05-30T15:05:38Z,9192.625,1,0
2026-05-30T15:05:43Z,9189.988,1,0
2026-05-30T15:05:48Z,9188.483,1,0
2026-05-30T15:05:53Z,9185.59,1,0
2026-05-30T15:05:58Z,9181.673,1,0
2026-05-30T15:06:03Z,9177.625,1,0
2026-05-30T15:06:08Z,9166.746,1,0
2026-05-30T15:06:13Z,9159.025,1,0
2026-05-30T15:06:18Z,9146.503,1,0
2026-05-30T15:06:23Z,9133.581,1,0
2026-05-30T15:06:28Z,9116.69,1,0
2026-05-30T15:06:33Z,9104.421,1,0
2026-05-30T15:06:38Z,9080.227,1,0
2026-05-30T15:06:43Z,9061.242,1,0
2026-05-30T15:06:48Z,9053.123,1,0
2026-05-30T15:06:53Z,9049.566,1,0
2026-05-30T15:06:58Z,9040.796,1,0
2026-05-30T15:07:03Z,9038.594,1,0
2026-05-30T15:07:08Z,9033.402,1,0
2026-05-30T15:07:13Z,9028.443,1,0
2026-05-30T15:07:18Z,9022.472,1,1
2026-05-30T15:07:23Z,9019.323,1,1
2026-05-30T15:07:28Z,9021.466,1,1
2026-05-30T15:07:33Z,9018.8545,1,1
2026-05-30T15:07:38Z,9022.003,1,1
2026-05-30T15:07:43Z,9002.831,1,1
2026-05-30T15:07:48Z,8996.659,1,1
2026-05-30T15:07:53Z,8982.45,1,1
2026-05-30T15:07:58Z,8969.999,1,1
2026-05-30T15:08:03Z,8952.584,1,1
2026-05-30T15:08:08Z,8937.853,1,1
2026-05-30T15:08:13Z,8926.675,1,1
2026-05-30T15:08:18Z,8896.698,1,0
2026-05-30T15:08:23Z,8864.88,1,0
2026-05-30T15:08:28Z,8833.699,1,0
2026-05-30T15:08:33Z,8808.233,1,0
2026-05-30T15:08:38Z,8780.834,1,0
2026-05-30T15:08:43Z,8757.564,1,0
2026-05-30T15:08:48Z,8731.614,1,0
2026-05-30T15:08:53Z,8706.488,1,0
2026-05-30T15:08:58Z,8682.284,1,0
2026-05-30T15:09:03Z,8657.273,1,0
2026-05-30T15:09:08Z,9778.19,1,0
2026-05-30T15:09:13Z,9739.083,1,0
2026-05-30T15:09:18Z,9713.017,1,0
2026-05-30T15:09:23Z,9703.597,1,0
2026-05-30T15:09:28Z,9702.276,1,0
2026-05-30T15:09:33Z,9704.679,1,0
2026-05-30T15:09:38Z,9712.023,1,0
2026-05-30T15:09:43Z,9717.487,1,0
2026-05-30T15:09:48Z,9730.83,1,0
2026-05-30T15:09:53Z,9740.699,1,0
2026-05-30T15:09:58Z,9749.454,1,0
2026-05-30T15:10:03Z,9747.248,1,0
2026-05-30T15:10:08Z,9752.92,1,0
2026-05-30T15:10:13Z,9760.117,1,0
2026-05-30T15:10:18Z,9772.203,1,0
2026-05-30T15:10:23Z,9778.559,1,0
2026-05-30T15:10:28Z,9795.486,1,0
2026-05-30T15:10:33Z,9818.095,1,0
2026-05-30T15:10:38Z,9850.344,1,0
2026-05-30T15:10:43Z,9865.215,1,0
2026-05-30T15:10:48Z,9868.413,1,0
2026-05-30T15:10:53Z,9868.863,1,0
2026-05-30T15:10:58Z,9894.933,1,0
2026-05-30T15:11:03Z,9920.786,1,0
2026-05-30T15:11:08Z,9956.77,1,0
2026-05-30T15:11:13Z,9988.935,1,0
2026-05-30T15:11:18Z,10022.224,1,0
2026-05-30T15:11:23Z,10051.342,1,0
2026-05-30T15:11:28Z,10085.847,1,0
2026-05-30T15:11:33Z,10115.229,1,0
2026-05-30T15:11:38Z,10143.166,1,0
2026-05-30T15:11:43Z,10163.137,1,0
2026-05-30T15:11:48Z,10187.656,1,0
2026-05-30T15:11:53Z,10203.709,1,0
2026-05-30T15:11:58Z,10217.134,1,0
2026-05-30T15:12:03Z,10238.463,1,0
2026-05-30T15:12:08Z,10254.654,1,0
2026-05-30T15:12:13Z,10262.364,1,0
2026-05-30T15:12:18Z,10268.504,1,0
2026-05-30T15:12:23Z,10281.47,1,0
2026-05-30T15:12:28Z,10286.023,1,0
2026-05-30T15:12:33Z,10300.156,1,0
2026-05-30T15:12:38Z,10314.046,1,0
2026-05-30T15:12:43Z,10323.605,1,0
2026-05-30T15:12:48Z,10322.652,1,0
2026-05-30T15:12:53Z,10330.106,1,0
2026-05-30T15:12:58Z,10328.95,1,0
2026-05-30T15:13:03Z,10322.714,1,0
2026-05-30T15:13:08Z,10317.445,1,0
2026-05-30T15:13:13Z,10330.963,1,0
2026-05-30T15:13:18Z,9434.131,1,1
2026-05-30T15:13:23Z,9446.083,1,1
2026-05-30T15:13:28Z,9456.178,1,1
2026-05-30T15:13:33Z,9494.706,1,1
2026-05-30T15:13:38Z,9520.238,1,1
2026-05-30T15:13:43Z,9526.151,1,1
2026-05-30T15:13:48Z,9493.876,1,1
2026-05-30T15:13:53Z,9464.295,1,1
2026-05-30T15:13:58Z,9440.0,1,1
2026-05-30T15:14:03Z,9397.262,1,1
2026-05-30T15:14:08Z,9345.668,1,1
2026-05-30T15:14:13Z,9306.912,1,1
2026-05-30T15:14:18Z,9268.36,1,0
2026-05-30T15:14:23Z,9213.234,1,0
2026-05-30T15:14:28Z,9175.278,1,0
2026-05-30T15:14:33Z,9149.94,1,0
2026-05-30T15:14:38Z,9122.546,1,0
2026-05-30T15:14:43Z,9095.728,1,0
2026-05-30T15:14:48Z,9080.547,1,0
2026-05-30T15:14:53Z,9070.52,1,0
2026-05-30T15:14:58Z,9057.832,1,0
2026-05-30T15:15:03Z,9045.53,1,0
2026-05-30T15:15:08Z,9030.283,1,0
2026-05-30T15:15:13Z,9020.253,1,0
2026-05-30T15:15:18Z,9001.614,1,0
2026-05-30T15:15:23Z,8984.517,1,0
2026-05-30T15:15:28Z,8965.641,1,0
2026-05-30T15:15:33Z,8953.573,1,0
2026-05-30T15:15:38Z,8937.649,1,0
2026-05-30T15:15:43Z,8923.059,1,0
2026-05-30T15:15:48Z,8895.849,1,0
2026-05-30T15:15:53Z,8885.051,1,0
2026-05-30T15:15:58Z,8870.483,1,0
2026-05-30T15:16:03Z,8855.462,1,0
2026-05-30T15:16:08Z,8842.709,1,0
2026-05-30T15:16:13Z,8828.321,1,0
2026-05-30T15:16:18Z,8827.544,1,0
2026-05-30T15:16:23Z,8825.529,1,0
2026-05-30T15:16:28Z,8829.594,1,0
2026-05-30T15:16:33Z,8830.479,1,0
2026-05-30T15:16:38Z,8831.89,1,0
2026-05-30T15:16:43Z,8841.212,1,0
2026-05-30T15:16:48Z,8849.138,1,0
2026-05-30T15:16:53Z,8863.668,1,0
2026-05-30T15:16:58Z,8879.224,1,0
2026-05-30T15:17:03Z,8899.668,1,0
2026-05-30T15:17:08Z,8918.617,1,0
2026-05-30T15:17:13Z,8932.242,1,0
2026-05-30T15:17:18Z,8943.705,1,0
2026-05-30T15:17:23Z,8960.876,1,0
2026-05-30T15:17:28Z,7352.4253,0,0
2026-05-30T15:17:33Z,7373.8022,0,0
2026-05-30T15:17:38Z,7382.479,0,0
2026-05-30T15:17:43Z,7396.6514,0,0
2026-05-30T15:17:48Z,7398.666,0,0
2026-05-30T15:17:53Z,7412.3535,0,0
2026-05-30T15:17:58Z,7410.3066,0,0
2026-05-30T15:18:03Z,7413.328,0,0
2026-05-30T15:18:08Z,7415.999,0,0
2026-05-30T15:18:13Z,7416.1016,0,0
2026-05-30T15:18:18Z,7434.484,0,0
2026-05-30T15:18:23Z,7430.9053,0,0
2026-05-30T15:18:28Z,7434.0454,0,0
2026-05-30T15:18:33Z,7440.4463,0,0
2026-05-30T15:18:38Z,7467.1494,0,1
2026-05-30T15:18:43Z,7489.376,0,1
2026-05-30T15:18:48Z,7504.5063,0,1
2026-05-30T15:18:53Z,7521.481,0,1
2026-05-30T15:18:58Z,7542.5034,0,1
2026-05-30T15:19:03Z,7555.577,0,1
2026-05-30T15:19:08Z,7566.2046,0,1
2026-05-30T15:19:13Z,7561.985,0,1
2026-05-30T15:19:18Z,7566.513,0,1
2026-05-30T15:19:23Z,7574.5312,0,1
2026-05-30T15:19:28Z,7583.1675,0,1
2026-05-30T15:19:33Z,7591.4673,0,1
2026-05-30T15:19:38Z,7599.5776,0,0
2026-05-30T15:19:43Z,7612.286,0,0
2026-05-30T15:19:48Z,7610.3896,0,0
2026-05-30T15:19:53Z,7614.6562,0,0
2026-05-30T15:19:58Z,7617.252,0,0
2026-05-30T15:20:03Z,7625.309,0,0
2026-05-30T15:20:08Z,7624.0537,0,0
2026-05-30T15:20:13Z,7625.1255,0,0
2026-05-30T15:20:18Z,7625.5195,0,0
2026-05-30T15:20:23Z,7628.618,0,0
2026-05-30T15:20:28Z,7629.081,0,0
2026-05-30T15:20:33Z,7640.2886,0,0
2026-05-30T15:20:38Z,7645.511,0,0
2026-05-30T15:20:43Z,7652.583,0,0
2026-05-30T15:20:48Z,7645.919,0,0
2026-05-30T15:20:53Z,7640.6377,0,0
2026-05-30T15:20:58Z,7626.2974,0,0
2026-05-30T15:21:03Z,7618.607,0,0
2026-05-30T15:21:08Z,7613.7007,0,0
2026-05-30T15:21:13Z,7610.012,0,0
2026-05-30T15:21:18Z,7595.418,0,0
2026-05-30T15:21:23Z,7580.1455,0,0
2026-05-30T15:21:28Z,7563.861,0,0
2026-05-30T15:21:33Z,7561.71,0,0
2026-05-30T15:21:38Z,8809.267,1,0
2026-05-30T15:21:43Z,8799.688,1,0
2026-05-30T15:21:48Z,8800.852,1,0
2026-05-30T15:21:53Z,8808.634,1,0
2026-05-30T15:21:58Z,8822.049,1,0
2026-05-30T15:22:03Z,8825.349,1,0
2026-05-30T15:22:08Z,8827.479,1,0
2026-05-30T15:22:13Z,8838.277,1,0
2026-05-30T15:22:18Z,8853.015,1,0
2026-05-30T15:22:23Z,8878.846,1,0
2026-05-30T15:22:28Z,8898.235,1,0
2026-05-30T15:22:33Z,8924.189,1,0
2026-05-30T15:22:38Z,8949.968,1,0
2026-05-30T15:22:43Z,8981.514,1,0
2026-05-30T15:22:48Z,9009.481,1,0
2026-05-30T15:22:53Z,9043.12,1,0
2026-05-30T15:22:58Z,9066.951,1,0
2026-05-30T15:23:03Z,9099.309,1,0
2026-05-30T15:23:08Z,9129.857,1,0
2026-05-30T15:23:13Z,9156.187,1,0
2026-05-30T15:23:18Z,9178.994,1,0
2026-05-30T15:23:23Z,9205.656,1,0
2026-05-30T15:23:28Z,9233.31,1,0
2026-05-30T15:23:33Z,9249.082,1,0
2026-05-30T15:23:38Z,9263.747,1,0
2026-05-30T15:23:43Z,9268.868,1,0
2026-05-30T15:23:48Z,9265.38,1,0
2026-05-30T15:23:53Z,9275.853,1,0
2026-05-30T15:23:58Z,9286.768,1,0
2026-05-30T15:24:03Z,9290.07,1,0
2026-05-30T15:24:08Z,9286.64,1,0
2026-05-30T15:24:13Z,9289.689,1,0
2026-05-30T15:24:18Z,9312.884,1,0
2026-05-30T15:24:23Z,9335.722,1,0
2026-05-30T15:24:28Z,9357.41,1,0
2026-05-30T15:24:33Z,9368.942,1,0
2026-05-30T15:24:38Z,9383.174,1,0
2026-05-30T15:24:43Z,9410.755,1,0
2026-05-30T15:24:48Z,9427.282,1,0
2026-05-30T15:24:53Z,9435.649,1,0
2026-05-30T15:24:58Z,9433.813,1,0
2026-05-30T15:25:03Z,9432.911,1,0
2026-05-30T15:25:08Z,9433.524,1,1
2026-05-30T15:25:13Z,9434.465,1,1
2026-05-30T15:25:18Z,9461.658,1,1
2026-05-30T15:25:23Z,9477.369,1,1
2026-05-30T15:25:28Z,9481.088,1,1
2026-05-30T15:25:33Z,9474.937,1,1
2026-05-30T15:25:38Z,9467.1,1,1
2026-05-30T15:25:43Z,9447.7295,1,1
2026-05-30T15:25:48Z,8559.564,1,1
2026-05-30T15:25:53Z,8520.271,1,1
2026-05-30T15:25:58Z,8486.394,1,1
2026-05-30T15:26:03Z,8458.286,1,1
2026-05-30T15:26:08Z,8410.661,1,0
2026-05-30T15:26:13Z,8364.984,1,0
2026-05-30T15:26:18Z,8323.56,1,0
2026-05-30T15:26:23Z,8290.699,1,0
2026-05-30T15:26:28Z,8260.638,1,0
2026-05-30T15:26:33Z,8226.46,1,0
2026-05-30T15:26:38Z,8195.004,1,0
2026-05-30T15:26:43Z,8172.958,1,0
2026-05-30T15:26:48Z,8155.677,1,0
2026-05-30T15:26:53Z,8133.294,1,0
2026-05-30T15:26:58Z,8120.7646,1,0
2026-05-30T15:27:03Z,8108.4336,1,0
2026-05-30T15:27:08Z,8106.406,1,0
2026-05-30T15:27:13Z,8105.626,1,0
2026-05-30T15:27:18Z,8105.89,1,0
2026-05-30T15:27:23Z,8105.665,1,0
2026-05-30T15:27:28Z,8108.0493,1,0
2026-05-30T15:27:33Z,8117.7188,1,0
2026-05-30T15:27:38Z,8130.2554,1,0
2026-05-30T15:27:43Z,8130.6777,1,0
2026-05-30T15:27:48Z,8136.392,1,0
2026-05-30T15:27:53Z,8144.919,1,0
2026-05-30T15:27:58Z,8142.703,1,0
2026-05-30T15:28:03Z,8142.2236,1,0
2026-05-30T15:28:08Z,8137.636,1,0
2026-05-30T15:28:13Z,8147.426,1,0
2026-05-30T15:28:18Z,8138.9233,1,0
2026-05-30T15:28:23Z,8135.768,1,0
2026-05-30T15:28:28Z,8136.803,1,0
2026-05-30T15:28:33Z,8137.297,1,0
2026-05-30T15:28:38Z,8134.048,1,0
2026-05-30T15:28:43Z,8126.0366,1,0
2026-05-30T15:28:48Z,8120.548,1,0
2026-05-30T15:28:53Z,8117.94,1,0
2026-05-30T15:28:58Z,8121.27,1,0
2026-05-30T15:29:03Z,8123.3447,1,0
2026-05-30T15:29:08Z,8129.455,1,0
2026-05-30T15:29:13Z,8133.1465,1,0
2026-05-30T15:29:18Z,8136.7324,1,0
2026-05-30T15:29:23Z,8139.632,1,0
2026-05-30T15:29:28Z,8140.5947,1,0
2026-05-30T15:29:33Z,8138.418,1,0
2026-05-30T15:29:38Z,8129.642,1,0
2026-05-30T15:29:43Z,8124.7227,1,0
2026-05-30T15:29:48Z,8123.6577,1,0
2026-05-30T15:29:53Z,8123.2085,1,0
2026-05-30T15:29:58Z,9131.057,1,0
2026-05-30T15:30:03Z,9130.189,1,0
2026-05-30T15:30:08Z,9136.191,1,0
2026-05-30T15:30:13Z,9148.606,1,0
2026-05-30T15:30:18Z,9158.321,1,0
2026-05-30T15:30:23Z,9167.269,1,0
2026-05-30T15:30:28Z,9172.724,1,0
2026-05-30T15:30:33Z,9180.351,1,0
2026-05-30T15:30:38Z,9193.0,1,0
2026-05-30T15:30:43Z,9205.487,1,0
2026-05-30T15:30:48Z,9215.072,1,0
2026-05-30T15:30:53Z,9225.468,1,0
2026-05-30T15:30:58Z,9232.435,1,0
2026-05-30T15:31:03Z,9238.559,1,0
2026-05-30T15:31:08Z,9246.195,1,1
2026-05-30T15:31:13Z,9259.303,1,1
2026-05-30T15:31:18Z,9275.245,1,1
2026-05-30T15:31:23Z,9289.925,1,1
2026-05-30T15:31:28Z,9299.505,1,1
2026-05-30T15:31:33Z,9308.5,1,1
2026-05-30T15:31:38Z,9321.705,1,1
2026-05-30T15:31:43Z,9327.902,1,1
2026-05-30T15:31:48Z,9334.233,1,1
2026-05-30T15:31:53Z,9341.794,1,1
2026-05-30T15:31:58Z,9351.626,1,1
2026-05-30T15:32:03Z,9352.052,1,1
2026-05-30T15:32:08Z,9347.977,1,0
2026-05-30T15:32:13Z,9342.738,1,0
2026-05-30T15:32:18Z,9336.333,1,0
2026-05-30T15:32:23Z,9330.985,1,0
2026-05-30T15:32:28Z,9322.449,1,0
2026-05-30T15:32:33Z,9314.489,1,0
2026-05-30T15:32:38Z,9303.924,1,0
2026-05-30T15:32:43Z,9293.5625,1,0
2026-05-30T15:32:48Z,9286.084,1,0
2026-05-30T15:32:53Z,9279.04,1,0
2026-05-30T15:32:58Z,9271.93,1,0
2026-05-30T15:33:03Z,9267.916,1,0
2026-05-30T15:33:08Z,9265.445,1,0
2026-05-30T15:33:13Z,9260.81,1,0
2026-05-30T15:33:18Z,9254.934,1,0
2026-05-30T15:33:23Z,9247.521,1,0
2026-05-30T15:33:28Z,9235.765,1,0
2026-05-30T15:33:33Z,9226.196,1,0
2026-05-30T15:33:38Z,9209.733,1,0
2026-05-30T15:33:43Z,9198.317,1,0
2026-05-30T15:33:48Z,9183.553,1,0
2026-05-30T15:33:53Z,9179.024,1,0
2026-05-30T15:33:58Z,9165.421,1,0
2026-05-30T15:34:03Z,9153.826,1,0
2026-05-30T15:34:08Z,9308.206,1,0
2026-05-30T15:34:13Z,9299.547,1,0
2026-05-30T15:34:18Z,9304.233,1,0
2026-05-30T15:34:23Z,9287.226,1,0
2026-05-30T15:34:28Z,9285.2295,1,0
2026-05-30T15:34:33Z,9277.839,1,0
2026-05-30T15:34:38Z,9276.387,1,0
2026-05-30T15:34:43Z,9275.152,1,0
2026-05-30T15:34:48Z,9270.314,1,0
2026-05-30T15:34:53Z,9273.693,1,0
2026-05-30T15:34:58Z,9282.097,1,0
2026-05-30T15:35:03Z,9302.245,1,0
2026-05-30T15:35:08Z,9326.154,1,0
2026-05-30T15:35:13Z,9355.933,1,0
2026-05-30T15:35:18Z,9383.514,1,0
2026-05-30T15:35:23Z,9405.181,1,0
2026-05-30T15:35:28Z,9418.837,1,0
2026-05-30T15:35:33Z,9426.603,1,0
2026-05-30T15:35:38Z,9437.751,1,0
2026-05-30T15:35:43Z,9450.88,1,0
2026-05-30T15:35:48Z,9470.979,1,0
2026-05-30T15:35:53Z,9486.871,1,0
2026-05-30T15:35:58Z,9498.739,1,0
2026-05-30T15:36:03Z,9498.632,1,0
2026-05-30T15:36:08Z,9502.674,1,0
2026-05-30T15:36:13Z,9508.958,1,0
2026-05-30T15:36:18Z,9506.888,1,0
2026-05-30T15:36:23Z,9501.455,1,0
2026-05-30T15:36:28Z,9501.292,1,0
2026-05-30T15:36:33Z,9516.159,1,0
2026-05-30T15:36:38Z,9528.6,1,0
2026-05-30T15:36:43Z,9539.936,1,1
2026-05-30T15:36:48Z,9546.742,1,1
2026-05-30T15:36:53Z,9567.305,1,1
2026-05-30T15:36:58Z,9570.386,1,1
2026-05-30T15:37:03Z,9585.411,1,1
2026-05-30T15:37:08Z,9571.517,1,1
2026-05-30T15:37:13Z,9550.911,1,1
2026-05-30T15:37:18Z,9499.122,1,1
2026-05-30T15:37:23Z,9455.623,1,1
2026-05-30T15:37:28Z,9424.739,1,1
2026-05-30T15:37:33Z,9398.608,1,1
2026-05-30T15:37:38Z,9364.238,1,1
2026-05-30T15:37:43Z,9334.585,1,0
2026-05-30T15:37:48Z,9301.062,1,0
2026-05-30T15:37:53Z,9273.981,1,0
2026-05-30T15:37:58Z,9259.155,1,0
2026-05-30T15:38:03Z,9240.575,1,0
2026-05-30T15:38:08Z,9226.944,1,0
2026-05-30T15:38:13Z,9215.549,1,0
2026-05-30T15:38:18Z,9712.406,1,0
2026-05-30T15:38:23Z,9697.578,1,0
2026-05-30T15:38:28Z,9685.794,1,0
2026-05-30T15:38:33Z,9683.754,1,0
2026-05-30T15:38:38Z,9678.4375,1,0
2026-05-30T15:38:43Z,9669.86,1,0
2026-05-30T15:38:48Z,9671.805,1,0
2026-05-30T15:38:53Z,9676.505,1,0
2026-05-30T15:38:58Z,9681.635,1,0
2026-05-30T15:39:03Z,9691.987,1,0
2026-05-30T15:39:08Z,9697.056,1,0
2026-05-30T15:39:13Z,9702.168,1,0
2026-05-30T15:39:18Z,9709.433,1,0
2026-05-30T15:39:23Z,9707.875,1,0
2026-05-30T15:39:28Z,9707.837,1,0
2026-05-30T15:39:33Z,9704.797,1,0
2026-05-30T15:39:38Z,9701.096,1,0
2026-05-30T15:39:43Z,9693.056,1,0
2026-05-30T15:39:48Z,9694.266,1,0
2026-05-30T15:39:53Z,9679.436,1,0
2026-05-30T15:39:58Z,9662.506,1,0
2026-05-30T15:40:03Z,9642.835,1,0
2026-05-30T15:40:08Z,9638.553,1,0
2026-05-30T15:40:13Z,9638.519,1,0
2026-05-30T15:40:18Z,9632.752,1,0
2026-05-30T15:40:23Z,9626.551,1,0
2026-05-30T15:40:28Z,9619.737,1,0
2026-05-30T15:40:33Z,9609.792,1,0
2026-05-30T15:40:38Z,9599.225,1,0
2026-05-30T15:40:43Z,9596.388,1,0
2026-05-30T15:40:48Z,9594.195,1,0
2026-05-30T15:40:53Z,9593.566,1,0
2026-05-30T15:40:58Z,9595.878,1,0
2026-05-30T15:41:03Z,9594.698,1,0
2026-05-30T15:41:08Z,9597.435,1,0
2026-05-30T15:41:13Z,9601.307,1,0
2026-05-30T15:41:18Z,9603.036,1,0
2026-05-30T15:41:23Z,9604.587,1,0
2026-05-30T15:41:28Z,9604.405,1,0
2026-05-30T15:41:33Z,9596.013,1,0
2026-05-30T15:41:38Z,9592.926,1,0
2026-05-30T15:41:43Z,9599.877,1,0
2026-05-30T15:41:48Z,9607.724,1,0
2026-05-30T15:41:53Z,9621.1,1,0
2026-05-30T15:41:58Z,9636.673,1,0
2026-05-30T15:42:03Z,9657.397,1,0
2026-05-30T15:42:08Z,9665.515,1,0
2026-05-30T15:42:13Z,9681.579,1,0
2026-05-30T15:42:18Z,9689.965,1,0
2026-05-30T15:42:23Z,9715.27,1,0
2026-05-30T15:42:28Z,11646.106,1,0
2026-05-30T15:42:33Z,11689.342,1,0
2026-05-30T15:42:38Z,11716.034,1,0
2026-05-30T15:42:43Z,11741.366,1,1
2026-05-30T15:42:48Z,11758.318,1,1
2026-05-30T15:42:53Z,11781.42,1,1
2026-05-30T15:42:58Z,11809.21,1,1
2026-05-30T15:43:03Z,11837.396,1,1
2026-05-30T15:43:08Z,11864.31,1,1
2026-05-30T15:43:13Z,11882.52,1,1
2026-05-30T15:43:18Z,11897.271,1,1
2026-05-30T15:43:23Z,11911.935,1,1
2026-05-30T15:43:28Z,11926.511,1,1
2026-05-30T15:43:33Z,11937.891,1,1
2026-05-30T15:43:38Z,11948.087,1,0
2026-05-30T15:43:43Z,11959.018,1,0
2026-05-30T15:43:48Z,11965.442,1,0
2026-05-30T15:43:53Z,11964.755,1,0
2026-05-30T15:43:58Z,11953.242,1,0
2026-05-30T15:44:03Z,11941.401,1,0
2026-05-30T15:44:08Z,11929.073,1,0
2026-05-30T15:44:13Z,11908.349,1,0
2026-05-30T15:44:18Z,11888.881,1,0
2026-05-30T15:44:23Z,11860.314,1,0
2026-05-30T15:44:28Z,11835.809,1,0
2026-05-30T15:44:33Z,11806.424,1,0
2026-05-30T15:44:38Z,11770.763,1,0
2026-05-30T15:44:43Z,11739.472,1,0
2026-05-30T15:44:48Z,11713.831,1,0
2026-05-30T15:44:53Z,11689.683,1,0
2026-05-30T15:44:58Z,11657.239,1,0
2026-05-30T15:45:03Z,11625.131,1,0
2026-05-30T15:45:08Z,11602.289,1,0
2026-05-30T15:45:13Z,11580.292,1,0
2026-05-30T15:45:18Z,11547.405,1,0
2026-05-30T15:45:23Z,11512.199,1,0
2026-05-30T15:45:28Z,11488.65,1,0
2026-05-30T15:45:33Z,11473.482,1,0
2026-05-30T15:45:38Z,11462.215,1,0
2026-05-30T15:45:43Z,11457.429,1,0
2026-05-30T15:45:48Z,11449.586,1,0
2026-05-30T15:45:53Z,11448.604,1,0
2026-05-30T15:45:58Z,11444.4375,1,0
2026-05-30T15:46:03Z,11450.892,1,0
2026-05-30T15:46:08Z,11448.386,1,0
2026-05-30T15:46:13Z,11447.333,1,0
2026-05-30T15:46:18Z,11443.76,1,0
2026-05-30T15:46:23Z,11439.952,1,0
2026-05-30T15:46:28Z,11444.035,1,0
2026-05-30T15:46:33Z,11443.991,1,0
2026-05-30T15:46:38Z,8648.622,1,0
2026-05-30T15:46:43Z,8646.51,1,0
2026-05-30T15:46:48Z,8650.895,1,0
2026-05-30T15:46:53Z,8650.118,1,0
2026-05-30T15:46:58Z,8645.729,1,0
2026-05-30T15:47:03Z,8641.396,1,0
2026-05-30T15:47:08Z,8643.2295,1,0
2026-05-30T15:47:13Z,8643.983,1,0
2026-05-30T15:47:18Z,8644.231,1,0
2026-05-30T15:47:23Z,8636.588,1,0
2026-05-30T15:47:28Z,8632.461,1,0
2026-05-30T15:47:33Z,8634.401,1,0
2026-05-30T15:47:38Z,8639.819,1,0
2026-05-30T15:47:43Z,8644.085,1,0
2026-05-30T15:47:48Z,8651.452,1,0
2026-05-30T15:47:53Z,8660.97,1,0
2026-05-30T15:47:58Z,8668.5625,1,0
2026-05-30T15:48:03Z,8681.582,1,0
2026-05-30T15:48:08Z,8696.413,1,0
2026-05-30T15:48:13Z,8701.3,1,0
2026-05-30T15:48:18Z,8710.862,1,0
2026-05-30T15:48:23Z,8713.065,1,0
2026-05-30T15:48:28Z,8707.398,1,0
2026-05-30T15:48:33Z,8694.293,1,0
2026-05-30T15:48:38Z,8682.714,1,0
2026-05-30T15:48:43Z,8672.696,1,1
2026-05-30T15:48:48Z,8669.081,1,1
2026-05-30T15:48:53Z,8672.963,1,1
2026-05-30T15:48:58Z,8672.057,1,1
2026-05-30T15:49:03Z,8691.491,1,1
2026-05-30T15:49:08Z,8693.842,1,1
2026-05-30T15:49:13Z,8687.422,1,1
2026-05-30T15:49:18Z,8646.762,1,1
2026-05-30T15:49:23Z,8631.954,1,1
2026-05-30T15:49:28Z,8605.566,1,1
2026-05-30T15:49:33Z,8587.997,1,1
2026-05-30T15:49:38Z,8561.216,1,1
2026-05-30T15:49:43Z,8547.953,1,0
2026-05-30T15:49:48Z,8545.253,1,0
2026-05-30T15:49:53Z,8532.199,1,0
2026-05-30T15:49:58Z,8528.098,1,0
2026-05-30T15:50:03Z,8523.741,1,0
2026-05-30T15:50:08Z,8528.718,1,0
2026-05-30T15:50:13Z,8538.484,1,0
2026-05-30T15:50:18Z,8539.257,1,0
2026-05-30T15:50:23Z,8551.556,1,0
2026-05-30T15:50:28Z,8559.057,1,0
2026-05-30T15:50:33Z,8566.316,1,0
2026-05-30T15:50:38Z,8565.869,1,0
2026-05-30T15:50:43Z,8568.34,1,0
2026-05-30T15:50:48Z,9322.162,1,0
2026-05-30T15:50:53Z,9349.834,1,0
2026-05-30T15:50:58Z,9375.822,1,0
2026-05-30T15:51:03Z,9408.909,1,0
2026-05-30T15:51:08Z,9443.57,1,0
2026-05-30T15:51:13Z,9467.115,1,0
2026-05-30T15:51:18Z,9488.087,1,0
2026-05-30T15:51:23Z,9511.637,1,0
2026-05-30T15:51:28Z,9536.481,1,0
2026-05-30T15:51:33Z,9569.855,1,0
2026-05-30T15:51:38Z,9592.269,1,0
2026-05-30T15:51:43Z,9602.178,1,0
2026-05-30T15:51:48Z,9603.552,1,0
2026-05-30T15:51:53Z,9613.307,1,0
2026-05-30T15:51:58Z,9633.896,1,0
2026-05-30T15:52:03Z,9660.078,1,0
2026-05-30T15:52:08Z,9684.98,1,0
2026-05-30T15:52:13Z,9703.283,1,0
2026-05-30T15:52:18Z,9711.941,1,0
2026-05-30T15:52:23Z,9722.552,1,0
2026-05-30T15:52:28Z,9728.512,1,0
2026-05-30T15:52:33Z,9726.424,1,0
2026-05-30T15:52:38Z,9719.326,1,0
2026-05-30T15:52:43Z,9717.735,1,0
2026-05-30T15:52:48Z,9704.497,1,0
2026-05-30T15:52:53Z,9689.905,1,0
2026-05-30T15:52:58Z,9679.266,1,0
2026-05-30T15:53:03Z,9666.481,1,0
2026-05-30T15:53:08Z,9657.408,1,0
2026-05-30T15:53:13Z,9645.513,1,0
2026-05-30T15:53:18Z,9625.852,1,0
2026-05-30T15:53:23Z,9613.777,1,0
2026-05-30T15:53:28Z,9606.227,1,0
2026-05-30T15:53:33Z,9597.175,1,0
2026-05-30T15:53:38Z,9574.829,1,0
2026-05-30T15:53:43Z,9554.689,1,0
2026-05-30T15:53:48Z,9534.245,1,0
2026-05-30T15:53:53Z,9519.069,1,0
2026-05-30T15:53:58Z,9497.392,1,0
2026-05-30T15:54:03Z,9491.853,1,0
2026-05-30T15:54:08Z,9466.385,1,0
2026-05-30T15:54:13Z,9458.989,1,0
2026-05-30T15:54:18Z,9451.313,1,0
2026-05-30T15:54:23Z,9462.807,1,0
2026-05-30T15:54:28Z,9474.701,1,0
2026-05-30T15:54:33Z,9481.207,1,0
2026-05-30T15:54:38Z,9485.333,1,0
2026-05-30T15:54:43Z,9500.868,1,0
2026-05-30T15:54:48Z,9515.377,1,1
2026-05-30T15:54:53Z,9528.3545,1,1
2026-05-30T15:54:58Z,9575.654,1,1
2026-05-30T15:55:03Z,9584.544,1,1
2026-05-30T15:55:08Z,9593.491,1,1
2026-05-30T15:55:13Z,9602.226,1,1
2026-05-30T15:55:18Z,9615.063,1,1
2026-05-30T15:55:23Z,9614.79,1,1
2026-05-30T15:55:28Z,9613.346,1,1
2026-05-30T15:55:33Z,9610.372,1,1
2026-05-30T15:55:38Z,9603.513,1,1
2026-05-30T15:55:43Z,9600.182,1,1
2026-05-30T15:55:48Z,9585.946,1,0
2026-05-30T15:55:53Z,9566.001,1,0
2026-05-30T15:55:58Z,9542.976,1,0
2026-05-30T15:56:03Z,9526.615,1,0
2026-05-30T15:56:08Z,9507.693,1,0
2026-05-30T15:56:13Z,9496.537,1,0
2026-05-30T15:56:18Z,9486.451,1,0
2026-05-30T15:56:23Z,9463.527,1,0
2026-05-30T15:56:28Z,9434.762,1,0
2026-05-30T15:56:33Z,9409.283,1,0
2026-05-30T15:56:38Z,9390.98,1,0
2026-05-30T15:56:43Z,9369.986,1,0
2026-05-30T15:56:48Z,9351.621,1,0
2026-05-30T15:56:53Z,9322.964,1,0
2026-05-30T15:56:58Z,9294.741,1,0
2026-05-30T15:57:03Z,9276.434,1,0
2026-05-30T15:57:08Z,9260.085,1,0
2026-05-30T15:57:13Z,9237.753,1,0
2026-05-30T15:57:18Z,9216.687,1,0
2026-05-30T15:57:23Z,9208.285,1,0
2026-05-30T15:57:28Z,9207.257,1,0
2026-05-30T15:57:33Z,9219.382,1,0
2026-05-30T15:57:38Z,9226.068,1,0
2026-05-30T15:57:43Z,9221.218,1,0
2026-05-30T15:57:48Z,9213.535,1,0
2026-05-30T15:57:53Z,9217.126,1,0
2026-05-30T15:57:58Z,9226.529,1,0
2026-05-30T15:58:03Z,9242.402,1,0
2026-05-30T15:58:08Z,9259.85,1,0
2026-05-30T15:58:13Z,9281.035,1,0
2026-05-30T15:58:18Z,9303.086,1,0
2026-05-30T15:58:23Z,9319.465,1,0
2026-05-30T15:58:28Z,9337.167,1,0
2026-05-30T15:58:33Z,9360.213,1,0
2026-05-30T15:58:38Z,9386.989,1,0
2026-05-30T15:58:43Z,9412.744,1,0
2026-05-30T15:58:48Z,9438.811,1,0
2026-05-30T15:58:53Z,9468.102,1,0
2026-05-30T15:58:58Z,9502.155,1,0
2026-05-30T15:59:03Z,9533.838,1,0
2026-05-30T15:59:08Z,9156.011,1,0
2026-05-30T15:59:13Z,9186.452,1,0
2026-05-30T15:59:18Z,9228.65,1,0
2026-05-30T15:59:23Z,9258.334,1,0
2026-05-30T15:59:28Z,9280.396,1,0
2026-05-30T15:59:33Z,9301.485,1,0
2026-05-30T15:59:38Z,9327.67,1,0
2026-05-30T15:59:43Z,9347.834,1,0
2026-05-30T15:59:48Z,9367.473,1,0
2026-05-30T15:59:53Z,9388.313,1,0
2026-05-30T15:59:58Z,9406.316,1,0
2026-05-30T16:00:03Z,9428.252,1,0
2026-05-30T16:00:08Z,9440.949,1,0
2026-05-30T16:00:13Z,9460.716,1,1
2026-05-30T16:00:18Z,9475.732,1,1
2026-05-30T16:00:23Z,9506.333,1,1
2026-05-30T16:00:28Z,9538.347,1,1
2026-05-30T16:00:33Z,9585.217,1,1
2026-05-30T16:00:38Z,9627.81,1,1
2026-05-30T16:00:43Z,9645.608,1,1
2026-05-30T16:00:48Z,9625.681,1,1
2026-05-30T16:00:53Z,9616.323,1,1
2026-05-30T16:00:58Z,9603.79,1,1
2026-05-30T16:01:03Z,9597.004,1,1
2026-05-30T16:01:08Z,9567.643,1,1
2026-05-30T16:01:13Z,9559.96,1,0
2026-05-30T16:01:18Z,9547.159,1,0
2026-05-30T16:01:23Z,9519.609,1,0
2026-05-30T16:01:28Z,9478.129,1,0
2026-05-30T16:01:33Z,9453.593,1,0
2026-05-30T16:01:38Z,9414.587,1,0
2026-05-30T16:01:43Z,9373.518,1,0
2026-05-30T16:01:48Z,9341.94,1,0
2026-05-30T16:01:53Z,9310.275,1,0
2026-05-30T16:01:58Z,9280.458,1,0
2026-05-30T16:02:03Z,9233.807,1,0
2026-05-30T16:02:08Z,9216.104,1,0
2026-05-30T16:02:13Z,9203.269,1,0
2026-05-30T16:02:18Z,9189.848,1,0
2026-05-30T16:02:23Z,9180.125,1,0
2026-05-30T16:02:28Z,9179.252,1,0
2026-05-30T16:02:33Z,9169.945,1,0
2026-05-30T16:02:38Z,9164.685,1,0
2026-05-30T16:02:43Z,9154.299,1,0
2026-05-30T16:02:48Z,9152.124,1,0
2026-05-30T16:02:53Z,9145.299,1,0
2026-05-30T16:02:58Z,9139.169,1,0
2026-05-30T16:03:03Z,9143.221,1,0
2026-05-30T16:03:08Z,9155.282,1,0
2026-05-30T16:03:13Z,9165.799,1,0
2026-05-30T16:03:18Z,9903.0625,1,0
2026-05-30T16:03:23Z,9895.9,1,0
2026-05-30T16:03:28Z,9892.107,1,0
2026-05-30T16:03:33Z,9882.833,1,0
2026-05-30T16:03:38Z,9870.879,1,0
2026-05-30T16:03:43Z,9856.989,1,0
2026-05-30T16:03:48Z,9851.939,1,0
2026-05-30T16:03:53Z,9845.329,1,0
2026-05-30T16:03:58Z,9840.612,1,0
2026-05-30T16:04:03Z,9839.038,1,0
2026-05-30T16:04:08Z,9829.27,1,0
2026-05-30T16:04:13Z,9819.422,1,0
2026-05-30T16:04:18Z,9802.058,1,0
2026-05-30T16:04:23Z,9803.12,1,0
2026-05-30T16:04:28Z,9802.435,1,0
2026-05-30T16:04:33Z,9803.7,1,0
2026-05-30T16:04:38Z,9806.885,1,0
2026-05-30T16:04:43Z,9810.902,1,0
2026-05-30T16:04:48Z,9819.673,1,0
2026-05-30T16:04:53Z,9829.462,1,0
2026-05-30T16:04:58Z,9835.529,1,0
2026-05-30T16:05:03Z,9842.638,1,0
2026-05-30T16:05:08Z,9846.541,1,0
2026-05-30T16:05:13Z,9850.389,1,0
2026-05-30T16:05:18Z,9857.422,1,0
2026-05-30T16:05:23Z,9864.142,1,0
2026-05-30T16:05:28Z,9872.533,1,0
2026-05-30T16:05:33Z,9876.464,1,0
2026-05-30T16:05:38Z,9884.619,1,0
2026-05-30T16:05:43Z,9894.28,1,0
2026-05-30T16:05:48Z,9905.013,1,0
2026-05-30T16:05:53Z,9922.8545,1,0
2026-05-30T16:05:58Z,9940.632,1,0
2026-05-30T16:06:03Z,9960.583,1,0
2026-05-30T16:06:08Z,9980.106,1,0
2026-05-30T16:06:13Z,9995.868,1,0
2026-05-30T16:06:18Z,10012.636,1,0
2026-05-30T16:06:23Z,10026.572,1,0
2026-05-30T16:06:28Z,10041.476,1,0
2026-05-30T16:06:33Z,10058.091,1,0
2026-05-30T16:06:38Z,10068.54,1,0
2026-05-30T16:06:43Z,10077.929,1,0
2026-05-30T16:06:48Z,10086.48,1,1
2026-05-30T16:06:53Z,10085.699,1,1
2026-05-30T16:06:58Z,10066.966,1,1
2026-05-30T16:07:03Z,10053.551,1,1
2026-05-30T16:07:08Z,10036.043,1,1
2026-05-30T16:07:13Z,10019.493,1,1
2026-05-30T16:07:18Z,10001.427,1,1
2026-05-30T16:07:23Z,9986.605,1,1
2026-05-30T16:07:28Z,9557.003,1,1
2026-05-30T16:07:33Z,9540.8,1,1
2026-05-30T16:07:38Z,9511.503,1,1
2026-05-30T16:07:43Z,9478.843,1,0
2026-05-30T16:07:48Z,9447.192,1,0
2026-05-30T16:07:53Z,9417.125,1,0
2026-05-30T16:07:58Z,9388.595,1,0
2026-05-30T16:08:03Z,9372.937,1,0
2026-05-30T16:08:08Z,9344.716,1,0
2026-05-30T16:08:13Z,9313.847,1,0
2026-05-30T16:08:18Z,9295.756,1,0
2026-05-30T16:08:23Z,9288.222,1,0
2026-05-30T16:08:28Z,9285.365,1,0
2026-05-30T16:08:33Z,9280.789,1,0
2026-05-30T16:08:38Z,9273.601,1,0
2026-05-30T16:08:43Z,9259.204,1,0
2026-05-30T16:08:48Z,9239.504,1,0
2026-05-30T16:08:53Z,9225.101,1,0
2026-05-30T16:08:58Z,9210.511,1,0
2026-05-30T16:09:03Z,9192.929,1,0
2026-05-30T16:09:08Z,9175.6875,1,0
2026-05-30T16:09:13Z,9161.839,1,0
2026-05-30T16:09:18Z,9150.867,1,0
2026-05-30T16:09:23Z,9136.794,1,0
2026-05-30T16:09:28Z,9124.839,1,0
2026-05-30T16:09:33Z,9116.149,1,0
2026-05-30T16:09:38Z,9121.04,1,0
2026-05-30T16:09:43Z,9127.914,1,0
2026-05-30T16:09:48Z,9136.481,1,0
2026-05-30T16:09:53Z,9145.555,1,0
2026-05-30T16:09:58Z,9155.417,1,0
2026-05-30T16:10:03Z,9169.304,1,0
2026-05-30T16:10:08Z,9184.305,1,0
2026-05-30T16:10:13Z,9200.362,1,0
2026-05-30T16:10:18Z,9224.324,1,0
2026-05-30T16:10:23Z,9249.715,1,0
2026-05-30T16:10:28Z,9283.711,1,0
2026-05-30T16:10:33Z,9313.649,1,0
2026-05-30T16:10:38Z,9336.661,1,0
2026-05-30T16:10:43Z,9357.972,1,0
2026-05-30T16:10:48Z,9370.197,1,0
2026-05-30T16:10:53Z,9385.857,1,0
2026-05-30T16:10:58Z,9398.187,1,0
2026-05-30T16:11:03Z,9403.652,1,0
2026-05-30T16:11:08Z,9412.413,1,0
2026-05-30T16:11:13Z,9419.305,1,0
2026-05-30T16:11:18Z,9432.264,1,0
2026-05-30T16:11:23Z,9436.155,1,0
2026-05-30T16:11:28Z,9438.129,1,0
2026-05-30T16:11:33Z,9439.349,1,0
2026-05-30T16:11:38Z,8388.479,1,0
2026-05-30T16:11:43Z,8383.655,1,0
2026-05-30T16:11:48Z,8378.122,1,0
2026-05-30T16:11:53Z,8374.353,1,0
2026-05-30T16:11:58Z,8373.572,1,0
2026-05-30T16:12:03Z,8380.029,1,0
2026-05-30T16:12:08Z,8383.981,1,0
2026-05-30T16:12:13Z,8385.82,1,0
2026-05-30T16:12:18Z,8393.609,1,0
2026-05-30T16:12:23Z,8406.158,1,0
2026-05-30T16:12:28Z,8414.941,1,0
2026-05-30T16:12:33Z,8437.131,1,0
2026-05-30T16:12:38Z,8444.418,1,0
2026-05-30T16:12:43Z,8438.144,1,0
2026-05-30T16:12:48Z,8404.885,1,0
2026-05-30T16:12:53Z,8397.787,1,0
2026-05-30T16:12:58Z,8403.092,1,1
2026-05-30T16:13:03Z,8425.998,1,1
2026-05-30T16:13:08Z,8444.962,1,1
2026-05-30T16:13:13Z,8462.198,1,1
2026-05-30T16:13:18Z,8497.058,1,1
2026-05-30T16:13:23Z,8525.06,1,1
2026-05-30T16:13:28Z,8544.943,1,1
2026-05-30T16:13:33Z,8522.524,1,1
2026-05-30T16:13:38Z,8540.627,1,1
2026-05-30T16:13:43Z,8546.507,1,1
2026-05-30T16:13:48Z,8558.441,1,1
2026-05-30T16:13:53Z,8551.506,1,1
2026-05-30T16:13:58Z,8543.515,1,0
2026-05-30T16:14:03Z,8521.966,1,0
2026-05-30T16:14:08Z,8485.778,1,0
2026-05-30T16:14:13Z,8450.493,1,0
2026-05-30T16:14:18Z,8415.29,1,0
2026-05-30T16:14:23Z,8381.725,1,0
2026-05-30T16:14:28Z,8355.505,1,0
2026-05-30T16:14:33Z,8345.37,1,0
2026-05-30T16:14:38Z,8353.207,1,0
2026-05-30T16:14:43Z,8362.462,1,0
2026-05-30T16:14:48Z,8359.442,1,0
2026-05-30T16:14:53Z,8369.813,1,0
2026-05-30T16:14:58Z,8380.676,1,0
2026-05-30T16:15:03Z,8382.782,1,0
2026-05-30T16:15:08Z,8384.487,1,0
2026-05-30T16:15:13Z,8383.037,1,0
2026-05-30T16:15:18Z,8389.002,1,0
2026-05-30T16:15:23Z,8399.891,1,0
2026-05-30T16:15:28Z,8409.411,1,0
2026-05-30T16:15:33Z,8413.184,1,0
2026-05-30T16:15:38Z,8408.254,1,0
2026-05-30T16:15:43Z,8401.394,1,0
2026-05-30T16:15:48Z,9495.939,1,0
2026-05-30T16:15:53Z,9491.7,1,0
2026-05-30T16:15:58Z,9484.109,1,0
2026-05-30T16:16:03Z,9491.144,1,0
2026-05-30T16:16:08Z,9491.936,1,0
2026-05-30T16:16:13Z,9486.747,1,0
2026-05-30T16:16:18Z,9475.428,1,0
2026-05-30T16:16:23Z,9465.424,1,0
2026-05-30T16:16:28Z,9456.029,1,0
2026-05-30T16:16:33Z,9446.937,1,0
2026-05-30T16:16:38Z,9416.066,1,0
2026-05-30T16:16:43Z,9393.002,1,0
2026-05-30T16:16:48Z,9362.867,1,0
2026-05-30T16:16:53Z,9356.98,1,0
2026-05-30T16:16:58Z,9354.735,1,0
2026-05-30T16:17:03Z,9358.95,1,0
2026-05-30T16:17:08Z,9367.239,1,0
2026-05-30T16:17:13Z,9374.659,1,0
2026-05-30T16:17:18Z,9382.006,1,0
2026-05-30T16:17:23Z,9379.12,1,0
2026-05-30T16:17:28Z,9366.256,1,0
2026-05-30T16:17:33Z,9353.146,1,0
2026-05-30T16:17:38Z,9332.503,1,0
2026-05-30T16:17:43Z,9310.275,1,0
2026-05-30T16:17:48Z,9284.29,1,0
2026-05-30T16:17:53Z,9265.983,1,0
2026-05-30T16:17:58Z,9242.974,1,0
2026-05-30T16:18:03Z,9228.742,1,0
2026-05-30T16:18:08Z,9212.864,1,1
2026-05-30T16:18:13Z,9203.241,1,1
2026-05-30T16:18:18Z,9195.438,1,1
2026-05-30T16:18:23Z,9185.893,1,1
2026-05-30T16:18:28Z,9170.494,1,1
2026-05-30T16:18:33Z,9170.635,1,1
2026-05-30T16:18:38Z,9175.903,1,1
2026-05-30T16:18:43Z,9194.272,1,1
2026-05-30T16:18:48Z,9197.77,1,1
2026-05-30T16:18:53Z,9201.619,1,1
2026-05-30T16:18:58Z,9205.068,1,1
2026-05-30T16:19:03Z,9211.973,1,1
2026-05-30T16:19:08Z,9211.1045,1,0
2026-05-30T16:19:13Z,9210.084,1,0
2026-05-30T16:19:18Z,9209.816,1,0
2026-05-30T16:19:23Z,9202.83,1,0
2026-05-30T16:19:28Z,9200.3125,1,0
2026-05-30T16:19:33Z,9192.302,1,0
2026-05-30T16:19:38Z,9183.953,1,0
2026-05-30T16:19:43Z,9171.7295,1,0
2026-05-30T16:19:48Z,9158.108,1,0
2026-05-30T16:19:53Z,9143.051,1,0
2026-05-30T16:19:58Z,7664.2876,0,0
2026-05-30T16:20:03Z,7673.313,0,0
2026-05-30T16:20:08Z,7682.168,0,0
2026-05-30T16:20:13Z,7692.9546,0,0
2026-05-30T16:20:18Z,7701.717,0,0
2026-05-30T16:20:23Z,7721.259,0,0
2026-05-30T16:20:28Z,7734.1523,0,0
2026-05-30T16:20:33Z,7750.396,0,0
2026-05-30T16:20:38Z,7765.177,0,0
2026-05-30T16:20:43Z,7772.6147,0,0
2026-05-30T16:20:48Z,7785.913,0,0
2026-05-30T16:20:53Z,7798.7134,0,0
2026-05-30T16:20:58Z,7811.532,0,0
2026-05-30T16:21:03Z,7830.8276,0,0
2026-05-30T16:21:08Z,7847.874,1,0
2026-05-30T16:21:13Z,7866.598,1,0
2026-05-30T16:21:18Z,7890.8354,1,0
2026-05-30T16:21:23Z,7911.4043,1,0
2026-05-30T16:21:28Z,7931.5815,1,0
2026-05-30T16:21:33Z,7957.9355,1,0
2026-05-30T16:21:38Z,7988.334,1,0
2026-05-30T16:21:43Z,8012.791,1,0
2026-05-30T16:21:48Z,8035.172,1,0
2026-05-30T16:21:53Z,8057.3647,1,0
2026-05-30T16:21:58Z,8076.681,1,0
2026-05-30T16:22:03Z,8091.1787,1,0
2026-05-30T16:22:08Z,8110.931,1,0
2026-05-30T16:22:13Z,8130.2593,1,0
2026-05-30T16:22:18Z,8147.7295,1,0
2026-05-30T16:22:23Z,8158.56,1,0
2026-05-30T16:22:28Z,8173.073,1,0
2026-05-30T16:22:33Z,8189.724,1,0
2026-05-30T16:22:38Z,8208.095,1,0
2026-05-30T16:22:43Z,8218.856,1,0
2026-05-30T16:22:48Z,8227.538,1,0
2026-05-30T16:22:53Z,8233.615,1,0
2026-05-30T16:22:58Z,8244.024,1,0
2026-05-30T16:23:03Z,8255.763,1,0
2026-05-30T16:23:08Z,8261.884,1,0
2026-05-30T16:23:13Z,8274.425,1,0
2026-05-30T16:23:18Z,8289.762,1,0
2026-05-30T16:23:23Z,8307.784,1,0
2026-05-30T16:23:28Z,8313.996,1,0
2026-05-30T16:23:33Z,8318.742,1,0
2026-05-30T16:23:38Z,8311.998,1,1
2026-05-30T16:23:43Z,8316.282,1,1
2026-05-30T16:23:48Z,8328.677,1,1
2026-05-30T16:23:53Z,8345.3,1,1
2026-05-30T16:23:58Z,8350.257,1,1
2026-05-30T16:24:03Z,8338.248,1,1
2026-05-30T16:24:08Z,6908.6987,0,1
2026-05-30T16:24:13Z,6910.9517,0,1
2026-05-30T16:24:18Z,6905.856,0,1
2026-05-30T16:24:23Z,6897.4834,0,1
2026-05-30T16:24:28Z,6889.5005,0,1
2026-05-30T16:24:33Z,6887.4775,0,1
2026-05-30T16:24:38Z,6870.962,0,0
2026-05-30T16:24:43Z,6855.011,0,0
2026-05-30T16:24:48Z,6844.0103,0,0
2026-05-30T16:24:53Z,6832.0366,0,0
2026-05-30T16:24:58Z,6824.268,0,0
2026-05-30T16:25:03Z,6830.993,0,0
2026-05-30T16:25:08Z,6823.842,0,0
2026-05-30T16:25:13Z,6812.55,0,0
2026-05-30T16:25:18Z,6796.612,0,0
2026-05-30T16:25:23Z,6790.0923,0,0
2026-05-30T16:25:28Z,6776.0664,0,0
2026-05-30T16:25:33Z,6760.635,0,0
2026-05-30T16:25:38Z,6751.189,0,0
2026-05-30T16:25:43Z,6738.59,0,0
2026-05-30T16:25:48Z,6730.152,0,0
2026-05-30T16:25:53Z,6725.6016,0,0
2026-05-30T16:25:58Z,6718.2026,0,0
2026-05-30T16:26:03Z,6708.4526,0,0
2026-05-30T16:26:08Z,6706.149,0,0
2026-05-30T16:26:13Z,6701.03,0,0
2026-05-30T16:26:18Z,6686.4307,0,0
2026-05-30T16:26:23Z,6667.4707,0,0
2026-05-30T16:26:28Z,6652.2056,0,0
2026-05-30T16:26:33Z,6638.023,0,0
2026-05-30T16:26:38Z,6628.17,0,0
2026-05-30T16:26:43Z,6620.1465,0,0
2026-05-30T16:26:48Z,6614.7534,0,0
2026-05-30T16:26:53Z,6604.9233,0,0
2026-05-30T16:26:58Z,6590.6865,0,0
2026-05-30T16:27:03Z,6565.4697,0,0
2026-05-30T16:27:08Z,6541.1113,0,0
2026-05-30T16:27:13Z,6516.891,0,0
2026-05-30T16:27:18Z,6496.2363,0,0
2026-05-30T16:27:23Z,6477.968,0,0
2026-05-30T16:27:28Z,6462.145,0,0
2026-05-30T16:27:33Z,6451.033,0,0
2026-05-30T16:27:38Z,6441.4956,0,0
2026-05-30T16:27:43Z,6431.851,0,0
2026-05-30T16:27:48Z,6425.0503,0,0
2026-05-30T16:27:53Z,6422.54,0,0
2026-05-30T16:27:58Z,6416.521,0,0
2026-05-30T16:28:03Z,6412.6514,0,0
2026-05-30T16:28:08Z,6403.269,0,0
2026-05-30T16:28:13Z,6393.6606,0,0
2026-05-30T16:28:18Z,10335.983,1,0
2026-05-30T16:28:23Z,10309.775,1,0
2026-05-30T16:28:28Z,10281.372,1,0
2026-05-30T16:28:33Z,10255.728,1,0
2026-05-30T16:28:38Z,10230.721,1,0
2026-05-30T16:28:43Z,10192.629,1,0
2026-05-30T16:28:48Z,10152.327,1,0
2026-05-30T16:28:53Z,10125.8125,1,0
2026-05-30T16:28:58Z,10107.229,1,0
2026-05-30T16:29:03Z,10100.088,1,0
2026-05-30T16:29:08Z,10089.538,1,0
2026-05-30T16:29:13Z,10082.698,1,0
2026-05-30T16:29:18Z,10077.602,1,0
2026-05-30T16:29:23Z,10072.665,1,0
2026-05-30T16:29:28Z,10071.198,1,0
2026-05-30T16:29:33Z,10074.605,1,0
2026-05-30T16:29:38Z,10081.552,1,0
2026-05-30T16:29:43Z,10092.768,1,0
2026-05-30T16:29:48Z,10103.594,1,0
2026-05-30T16:29:53Z,10122.599,1,0
2026-05-30T16:29:58Z,10148.768,1,0
2026-05-30T16:30:03Z,10173.785,1,0
2026-05-30T16:30:08Z,10200.047,1,0
2026-05-30T16:30:13Z,10222.029,1,0
2026-05-30T16:30:18Z,10247.012,1,0
2026-05-30T16:30:23Z,10280.167,1,0
2026-05-30T16:30:28Z,10311.923,1,0
2026-05-30T16:30:33Z,10343.854,1,1
2026-05-30T16:30:38Z,10383.6,1,1
2026-05-30T16:30:43Z,10424.024,1,1
2026-05-30T16:30:48Z,10457.718,1,1
2026-05-30T16:30:53Z,10485.941,1,1
2026-05-30T16:30:58Z,10519.433,1,1
2026-05-30T16:31:03Z,10568.688,1,1
2026-05-30T16:31:08Z,10612.934,1,1
2026-05-30T16:31:13Z,10642.373,1,1
2026-05-30T16:31:18Z,10669.434,1,1
2026-05-30T16:31:23Z,10683.861,1,1
2026-05-30T16:31:28Z,10696.956,1,0
2026-05-30T16:31:33Z,10701.592,1,0
2026-05-30T16:31:38Z,10706.814,1,0
2026-05-30T16:31:43Z,10712.716,1,0
2026-05-30T16:31:48Z,10714.32,1,0
2026-05-30T16:31:53Z,10713.752,1,0
2026-05-30T16:31:58Z,10711.565,1,0
2026-05-30T16:32:03Z,10709.57,1,0
2026-05-30T16:32:08Z,10704.999,1,0
2026-05-30T16:32:13Z,10705.113,1,0
2026-05-30T16:32:18Z,10709.671,1,0
2026-05-30T16:32:23Z,10719.757,1,0
2026-05-30T16:32:28Z,10516.201,1,0
2026-05-30T16:32:33Z,10519.123,1,0
2026-05-30T16:32:38Z,10519.834,1,0
2026-05-30T16:32:43Z,10514.821,1,0
2026-05-30T16:32:48Z,10503.759,1,0
2026-05-30T16:32:53Z,10502.036,1,0
2026-05-30T16:32:58Z,10500.331,1,0
2026-05-30T16:33:03Z,10500.776,1,0
2026-05-30T16:33:08Z,10506.263,1,0
2026-05-30T16:33:13Z,10509.104,1,0
2026-05-30T16:33:18Z,10507.719,1,0
2026-05-30T16:33:23Z,10504.649,1,0
2026-05-30T16:33:28Z,10500.12,1,0
2026-05-30T16:33:33Z,10496.8955,1,0
2026-05-30T16:33:38Z,10499.53,1,0
2026-05-30T16:33:43Z,10490.866,1,0
2026-05-30T16:33:48Z,10488.688,1,0
2026-05-30T16:33:53Z,10485.274,1,0
2026-05-30T16:33:58Z,10483.059,1,0
2026-05-30T16:34:03Z,10486.555,1,0
2026-05-30T16:34:08Z,10490.95,1,0
2026-05-30T16:34:13Z,10495.539,1,0
2026-05-30T16:34:18Z,10505.88,1,0
2026-05-30T16:34:23Z,10513.939,1,0
2026-05-30T16:34:28Z,10529.401,1,0
2026-05-30T16:34:33Z,10535.597,1,0
2026-05-30T16:34:38Z,10541.754,1,0
2026-05-30T16:34:43Z,10548.89,1,0
2026-05-30T16:34:48Z,10566.609,1,0
2026-05-30T16:34:53Z,10586.783,1,0
2026-05-30T16:34:58Z,10607.604,1,0
2026-05-30T16:35:03Z,10635.1,1,0
2026-05-30T16:35:08Z,10661.354,1,0
2026-05-30T16:35:13Z,10676.575,1,0
2026-05-30T16:35:18Z,10672.021,1,0
2026-05-30T16:35:23Z,10661.141,1,0
2026-05-30T16:35:28Z,10644.84,1,1
2026-05-30T16:35:33Z,10649.973,1,1
2026-05-30T16:35:38Z,10674.992,1,1
2026-05-30T16:35:43Z,10669.031,1,1
2026-05-30T16:35:48Z,10685.972,1,1
2026-05-30T16:35:53Z,10665.063,1,1
2026-05-30T16:35:58Z,10638.493,1,1
2026-05-30T16:36:03Z,10582.055,1,1
2026-05-30T16:36:08Z,10557.894,1,1
2026-05-30T16:36:13Z,10521.698,1,1
2026-05-30T16:36:18Z,10493.229,1,1
2026-05-30T16:36:23Z,10450.546,1,0
2026-05-30T16:36:28Z,10429.954,1,0
2026-05-30T16:36:33Z,10406.137,1,0
2026-05-30T16:36:38Z,7139.316,0,0
2026-05-30T16:36:43Z,7113.0254,0,0
2026-05-30T16:36:48Z,7096.0723,0,0
2026-05-30T16:36:53Z,7071.62,0,0
2026-05-30T16:36:58Z,7047.22,0,0
2026-05-30T16:37:03Z,7023.309,0,0
2026-05-30T16:37:08Z,7004.986,0,0
2026-05-30T16:37:13Z,6984.229,0,0
2026-05-30T16:37:18Z,6957.519,0,0
2026-05-30T16:37:23Z,6940.967,0,0
2026-05-30T16:37:28Z,6930.612,0,0
2026-05-30T16:37:33Z,6919.5757,0,0
2026-05-30T16:37:38Z,6914.07,0,0
2026-05-30T16:37:43Z,6911.083,0,0
2026-05-30T16:37:48Z,6910.38,0,0
2026-05-30T16:37:53Z,6906.1636,0,0
2026-05-30T16:37:58Z,6908.312,0,0
2026-05-30T16:38:03Z,6912.201,0,0
2026-05-30T16:38:08Z,6923.868,0,0
2026-05-30T16:38:13Z,6930.0093,0,0
2026-05-30T16:38:18Z,6938.334,0,0
2026-05-30T16:38:23Z,6941.0947,0,0
2026-05-30T16:38:28Z,6945.5054,0,0
2026-05-30T16:38:33Z,6954.3823,0,0
2026-05-30T16:38:38Z,6966.333,0,0
2026-05-30T16:38:43Z,6974.977,0,0
2026-05-30T16:38:48Z,6977.8506,0,0
2026-05-30T16:38:53Z,6984.8247,0,0
2026-05-30T16:38:58Z,6989.947,0,0
2026-05-30T16:39:03Z,6997.0635,0,0
2026-05-30T16:39:08Z,7007.9683,0,0
2026-05-30T16:39:13Z,7013.97,0,0
2026-05-30T16:39:18Z,7022.7593,0,0
2026-05-30T16:39:23Z,7029.2534,0,0
2026-05-30T16:39:28Z,7035.0894,0,0
2026-05-30T16:39:33Z,7044.5137,0,0
2026-05-30T16:39:38Z,7055.6245,0,0
2026-05-30T16:39:43Z,7066.062,0,0
2026-05-30T16:39:48Z,7070.594,0,0
2026-05-30T16:39:53Z,7074.3315,0,0
2026-05-30T16:39:58Z,7084.394,0,0
2026-05-30T16:40:03Z,7090.237,0,0
2026-05-30T16:40:08Z,7086.576,0,0
2026-05-30T16:40:13Z,7080.3,0,0
2026-05-30T16:40:18Z,7070.674,0,0
2026-05-30T16:40:23Z,7067.0977,0,0
2026-05-30T16:40:28Z,7064.4414,0,0
2026-05-30T16:40:33Z,7079.4395,0,0
2026-05-30T16:40:38Z,7067.657,0,0
2026-05-30T16:40:43Z,7058.4883,0,0
2026-05-30T16:40:48Z,7300.7373,0,0
2026-05-30T16:40:53Z,7305.07,0,1
2026-05-30T16:40:58Z,7314.035,0,1
2026-05-30T16:41:03Z,7320.865,0,1
2026-05-30T16:41:08Z,7324.9375,0,1
2026-05-30T16:41:13Z,7327.999,0,1
2026-05-30T16:41:18Z,7320.2075,0,1
2026-05-30T16:41:23Z,7316.2944,0,1
2026-05-30T16:41:28Z,7312.902,0,1
2026-05-30T16:41:33Z,7314.9136,0,1
2026-05-30T16:41:38Z,7315.882,0,1
2026-05-30T16:41:43Z,7318.1772,0,1
2026-05-30T16:41:48Z,7312.5654,0,1
2026-05-30T16:41:53Z,7295.373,0,0
2026-05-30T16:41:58Z,7276.081,0,0
2026-05-30T16:42:03Z,7264.3447,0,0
2026-05-30T16:42:08Z,7253.158,0,0
2026-05-30T16:42:13Z,7235.571,0,0
2026-05-30T16:42:18Z,7218.6147,0,0
2026-05-30T16:42:23Z,7198.3574,0,0
2026-05-30T16:42:28Z,7178.4976,0,0
2026-05-30T16:42:33Z,7162.337,0,0
2026-05-30T16:42:38Z,7156.2246,0,0
2026-05-30T16:42:43Z,7154.969,0,0
2026-05-30T16:42:48Z,7156.8604,0,0
2026-05-30T16:42:53Z,7155.8726,0,0
2026-05-30T16:42:58Z,7147.1514,0,0
2026-05-30T16:43:03Z,7146.4165,0,0
2026-05-30T16:43:08Z,7148.073,0,0
2026-05-30T16:43:13Z,7150.0674,0,0
2026-05-30T16:43:18Z,7152.1875,0,0
2026-05-30T16:43:23Z,7151.657,0,0
2026-05-30T16:43:28Z,7154.3794,0,0
2026-05-30T16:43:33Z,7159.178,0,0
2026-05-30T16:43:38Z,7163.2314,0,0
2026-05-30T16:43:43Z,7165.3887,0,0
2026-05-30T16:43:48Z,7167.7124,0,0
2026-05-30T16:43:53Z,7168.501,0,0
2026-05-30T16:43:58Z,7169.652,0,0
2026-05-30T16:44:03Z,7172.6978,0,0
2026-05-30T16:44:08Z,7178.0034,0,0
2026-05-30T16:44:13Z,7182.0327,0,0
2026-05-30T16:44:18Z,7189.7603,0,0
2026-05-30T16:44:23Z,7196.929,0,0
2026-05-30T16:44:28Z,7207.3345,0,0
2026-05-30T16:44:33Z,7220.961,0,0
2026-05-30T16:44:38Z,7237.5156,0,0
2026-05-30T16:44:43Z,7256.253,0,0
2026-05-30T16:44:48Z,7273.4927,0,0
2026-05-30T16:44:53Z,7287.623,0,0
2026-05-30T16:44:58Z,9194.819,1,0
2026-05-30T16:45:03Z,9196.787,1,0
2026-05-30T16:45:08Z,9201.125,1,0
2026-05-30T16:45:13Z,9206.04,1,0
2026-05-30T16:45:18Z,9216.187,1,0
2026-05-30T16:45:23Z,9224.854,1,0
2026-05-30T16:45:28Z,9228.013,1,1
2026-05-30T16:45:33Z,9240.237,1,1
2026-05-30T16:45:38Z,9268.884,1,1
2026-05-30T16:45:43Z,9286.264,1,1
2026-05-30T16:45:48Z,9316.119,1,1
2026-05-30T16:45:53Z,9332.435,1,1
2026-05-30T16:45:58Z,9329.569,1,1
2026-05-30T16:46:03Z,9306.452,1,1
2026-05-30T16:46:08Z,9291.133,1,1
2026-05-30T16:46:13Z,9285.649,1,1
2026-05-30T16:46:18Z,9284.898,1,1
2026-05-30T16:46:23Z,9272.5,1,1
2026-05-30T16:46:28Z,9272.327,1,0
2026-05-30T16:46:33Z,9277.485,1,0
2026-05-30T16:46:38Z,9271.513,1,0
2026-05-30T16:46:43Z,9254.247,1,0
2026-05-30T16:46:48Z,9241.722,1,0
2026-05-30T16:46:53Z,9230.272,1,0
2026-05-30T16:46:58Z,9221.037,1,0
2026-05-30T16:47:03Z,9209.377,1,0
2026-05-30T16:47:08Z,9203.815,1,0
2026-05-30T16:47:13Z,9182.234,1,0
2026-05-30T16:47:18Z,9167.624,1,0
2026-05-30T16:47:23Z,9169.858,1,0
2026-05-30T16:47:28Z,9178.411,1,0
2026-05-30T16:47:33Z,9178.973,1,0
2026-05-30T16:47:38Z,9174.686,1,0
2026-05-30T16:47:43Z,9173.668,1,0
2026-05-30T16:47:48Z,9175.801,1,0
2026-05-30T16:47:53Z,9147.299,1,0
2026-05-30T16:47:58Z,9106.403,1,0
2026-05-30T16:48:03Z,9072.539,1,0
2026-05-30T16:48:08Z,9067.483,1,0
2026-05-30T16:48:13Z,9067.744,1,0
2026-05-30T16:48:18Z,9062.787,1,0
2026-05-30T16:48:23Z,9053.688,1,0
2026-05-30T16:48:28Z,9047.414,1,0
2026-05-30T16:48:33Z,9049.64,1,0
2026-05-30T16:48:38Z,9048.038,1,0
2026-05-30T16:48:43Z,9056.164,1,0
2026-05-30T16:48:48Z,9054.754,1,0
2026-05-30T16:48:53Z,9061.363,1,0
2026-05-30T16:48:58Z,9066.919,1,0
2026-05-30T16:49:03Z,9075.487,1,0
2026-05-30T16:49:08Z,8008.0923,1,0
2026-05-30T16:49:13Z,8013.907,1,0
2026-05-30T16:49:18Z,8019.016,1,0
2026-05-30T16:49:23Z,8031.5034,1,0
2026-05-30T16:49:28Z,8052.3896,1,0
2026-05-30T16:49:33Z,8070.8857,1,0
2026-05-30T16:49:38Z,8096.536,1,0
2026-05-30T16:49:43Z,8120.3906,1,0
2026-05-30T16:49:48Z,8133.0723,1,0
2026-05-30T16:49:53Z,8126.667,1,0
2026-05-30T16:49:58Z,8120.092,1,0
2026-05-30T16:50:03Z,8111.3545,1,0
2026-05-30T16:50:08Z,8120.103,1,0
2026-05-30T16:50:13Z,8122.3696,1,0
2026-05-30T16:50:18Z,8132.183,1,0
2026-05-30T16:50:23Z,8153.0957,1,0
2026-05-30T16:50:28Z,8181.258,1,0
2026-05-30T16:50:33Z,8202.934,1,0
2026-05-30T16:50:38Z,8224.654,1,0
2026-05-30T16:50:43Z,8242.403,1,0
2026-05-30T16:50:48Z,8257.075,1,0
2026-05-30T16:50:53Z,8266.579,1,0
2026-05-30T16:50:58Z,8275.939,1,0
2026-05-30T16:51:03Z,8289.654,1,0
2026-05-30T16:51:08Z,8306.301,1,0
2026-05-30T16:51:13Z,8320.712,1,0
2026-05-30T16:51:18Z,8342.321,1,0
2026-05-30T16:51:23Z,8361.572,1,0
2026-05-30T16:51:28Z,8383.933,1,0
2026-05-30T16:51:33Z,8400.616,1,0
2026-05-30T16:51:38Z,8415.478,1,0
2026-05-30T16:51:43Z,8421.943,1,0
2026-05-30T16:51:48Z,8434.206,1,0
2026-05-30T16:51:53Z,8437.303,1,0
2026-05-30T16:51:58Z,8439.245,1,0
2026-05-30T16:52:03Z,8447.93,1,1
2026-05-30T16:52:08Z,8462.363,1,1
2026-05-30T16:52:13Z,8473.703,1,1
2026-05-30T16:52:18Z,8482.667,1,1
2026-05-30T16:52:23Z,8469.284,1,1
2026-05-30T16:52:28Z,8468.326,1,1
2026-05-30T16:52:33Z,8468.624,1,1
2026-05-30T16:52:38Z,8474.121,1,1
2026-05-30T16:52:43Z,8469.454,1,1
2026-05-30T16:52:48Z,8457.94,1,1
2026-05-30T16:52:53Z,8436.996,1,1
2026-05-30T16:52:58Z,8419.225,1,1
2026-05-30T16:53:03Z,8405.658,1,0
2026-05-30T16:53:08Z,8403.633,1,0
2026-05-30T16:53:13Z,8389.838,1,0
2026-05-30T16:53:18Z,9876.941,1,0
2026-05-30T16:53:23Z,9867.869,1,0
2026-05-30T16:53:28Z,9848.675,1,0
2026-05-30T16:53:33Z,9839.028,1,0
2026-05-30T16:53:38Z,9838.046,1,0
2026-05-30T16:53:43Z,9845.106,1,0
2026-05-30T16:53:48Z,9861.444,1,0
2026-05-30T16:53:53Z,9880.498,1,0
2026-05-30T16:53:58Z,9898.007,1,0
2026-05-30T16:54:03Z,9916.83,1,0
2026-05-30T16:54:08Z,9934.189,1,0
2026-05-30T16:54:13Z,9956.967,1,0
2026-05-30T16:54:18Z,9983.345,1,0
2026-05-30T16:54:23Z,10004.326,1,0
2026-05-30T16:54:28Z,10020.697,1,0
2026-05-30T16:54:33Z,10051.754,1,0
2026-05-30T16:54:38Z,10068.487,1,0
2026-05-30T16:54:43Z,10080.685,1,0
2026-05-30T16:54:48Z,10072.383,1,0
2026-05-30T16:54:53Z,10080.813,1,0
2026-05-30T16:54:58Z,10090.516,1,0
2026-05-30T16:55:03Z,10103.414,1,0
2026-05-30T16:55:08Z,10102.082,1,0
2026-05-30T16:55:13Z,10111.653,1,0
2026-05-30T16:55:18Z,10108.748,1,0
2026-05-30T16:55:23Z,10122.014,1,0
2026-05-30T16:55:28Z,10136.721,1,0
2026-05-30T16:55:33Z,10156.432,1,0
2026-05-30T16:55:38Z,10183.712,1,0
2026-05-30T16:55:43Z,10209.643,1,0
2026-05-30T16:55:48Z,10245.25,1,0
2026-05-30T16:55:53Z,10274.762,1,0
2026-05-30T16:55:58Z,10290.338,1,0
2026-05-30T16:56:03Z,10312.469,1,0
2026-05-30T16:56:08Z,10326.168,1,0
2026-05-30T16:56:13Z,10340.469,1,0
2026-05-30T16:56:18Z,10338.081,1,0
2026-05-30T16:56:23Z,10333.734,1,0
2026-05-30T16:56:28Z,10317.364,1,0
2026-05-30T16:56:33Z,10305.64,1,0
2026-05-30T16:56:38Z,10283.246,1,0
2026-05-30T16:56:43Z,10251.24,1,0
2026-05-30T16:56:48Z,10215.822,1,0
2026-05-30T16:56:53Z,10181.35,1,0
2026-05-30T16:56:58Z,10155.644,1,1
2026-05-30T16:57:03Z,10137.107,1,1
2026-05-30T16:57:08Z,10120.718,1,1
2026-05-30T16:57:13Z,10100.541,1,1
2026-05-30T16:57:18Z,10104.315,1,1
2026-05-30T16:57:23Z,10083.766,1,1
2026-05-30T16:57:28Z,8519.259,1,1
2026-05-30T16:57:33Z,8482.696,1,1
2026-05-30T16:57:38Z,8444.604,1,1
2026-05-30T16:57:43Z,8418.033,1,1
2026-05-30T16:57:48Z,8388.784,1,1
2026-05-30T16:57:53Z,8351.737,1,1
2026-05-30T16:57:58Z,8321.077,1,0
2026-05-30T16:58:03Z,8287.962,1,0
2026-05-30T16:58:08Z,8253.109,1,0
2026-05-30T16:58:13Z,8222.358,1,0
2026-05-30T16:58:18Z,8194.996,1,0
2026-05-30T16:58:23Z,8164.524,1,0
2026-05-30T16:58:28Z,8133.1816,1,0
2026-05-30T16:58:33Z,8108.6978,1,0
2026-05-30T16:58:38Z,8085.551,1,0
2026-05-30T16:58:43Z,8061.3643,1,0
2026-05-30T16:58:48Z,8047.9033,1,0
2026-05-30T16:58:53Z,8044.537,1,0
